[{"model": "contenttypes.contenttype", "pk": 1, "fields": {"app_label": "admin", "model": "logentry"}}, {"model": "contenttypes.contenttype", "pk": 2, "fields": {"app_label": "auth", "model": "permission"}}, {"model": "contenttypes.contenttype", "pk": 3, "fields": {"app_label": "auth", "model": "group"}}, {"model": "contenttypes.contenttype", "pk": 4, "fields": {"app_label": "auth", "model": "user"}}, {"model": "contenttypes.contenttype", "pk": 5, "fields": {"app_label": "contenttypes", "model": "contenttype"}}, {"model": "contenttypes.contenttype", "pk": 6, "fields": {"app_label": "sessions", "model": "session"}}, {"model": "contenttypes.contenttype", "pk": 7, "fields": {"app_label": "mysite", "model": "petition"}}, {"model": "contenttypes.contenttype", "pk": 8, "fields": {"app_label": "mysite", "model": "userprofile"}}, {"model": "contenttypes.contenttype", "pk": 9, "fields": {"app_label": "mysite", "model": "petitionresponsefeedback"}}, {"model": "contenttypes.contenttype", "pk": 10, "fields": {"app_label": "mysite", "model": "commendation"}}, {"model": "contenttypes.contenttype", "pk": 11, "fields": {"app_label": "mysite", "model": "commendationresponsefeedback"}}, {"model": "contenttypes.contenttype", "pk": 12, "fields": {"app_label": "mysite", "model": "petition_signer"}}, {"model": "contenttypes.contenttype", "pk": 13, "fields": {"app_label": "blogs", "model": "blog"}}, {"model": "contenttypes.contenttype", "pk": 14, "fields": {"app_label": "blogs", "model": "blogcomment"}}, {"model": "contenttypes.contenttype", "pk": 15, "fields": {"app_label": "blogs", "model": "blogreply"}}, {"model": "contenttypes.contenttype", "pk": 16, "fields": {"app_label": "mysite", "model": "commendation_signer"}}, {"model": "contenttypes.contenttype", "pk": 17, "fields": {"app_label": "mysite", "model": "askedquestions"}}, {"model": "contenttypes.contenttype", "pk": 18, "fields": {"app_label": "mysite", "model": "webbanner"}}, {"model": "contenttypes.contenttype", "pk": 19, "fields": {"app_label": "mysite", "model": "slider"}}, {"model": "contenttypes.contenttype", "pk": 20, "fields": {"app_label": "mysite", "model": "staff"}}, {"model": "sessions.session", "pk": "430moedajggfezq130tnqkdt2cf7pqto", "fields": {"session_data": "MjdmMzRlYWNhOTI2MGQ5YmQwNzQ0ZmZkY2NjZGU3NWNlYjY3NDM4Njp7Il9hdXRoX3VzZXJfaWQiOiIxIiwiX2F1dGhfdXNlcl9iYWNrZW5kIjoiZGphbmdvLmNvbnRyaWIuYXV0aC5iYWNrZW5kcy5Nb2RlbEJhY2tlbmQiLCJfYXV0aF91c2VyX2hhc2giOiJlYWFiOGE3MWI1ZDM3YWJjMDliYjFiNjg1NDcwNWZkMDUzYWUxZGYxIn0=", "expire_date": "2020-05-15T21:26:35.589Z"}}, {"model": "sessions.session", "pk": "5tdrvxer5gj6drgpek7imcvxpq8qzbtu", "fields": {"session_data": "Mzc2NDA4ZDQ3Mzg1YTllYTM5ODNiYjAxM2IzOTQ4NWM0Y2I5Yjk3YTp7Il9hdXRoX3VzZXJfaWQiOiIxIiwiX2F1dGhfdXNlcl9iYWNrZW5kIjoibXlzaXRlLmJhY2tlbmRzLkVtYWlsQmFja2VuZCIsIl9hdXRoX3VzZXJfaGFzaCI6ImVhYWI4YTcxYjVkMzdhYmMwOWJiMWI2ODU0NzA1ZmQwNTNhZTFkZjEifQ==", "expire_date": "2020-05-20T19:25:20.593Z"}}, {"model": "sessions.session", "pk": "8gm6vcws065epoiwoia79rghg8hs8tvy", "fields": {"session_data": "MjdmMzRlYWNhOTI2MGQ5YmQwNzQ0ZmZkY2NjZGU3NWNlYjY3NDM4Njp7Il9hdXRoX3VzZXJfaWQiOiIxIiwiX2F1dGhfdXNlcl9iYWNrZW5kIjoiZGphbmdvLmNvbnRyaWIuYXV0aC5iYWNrZW5kcy5Nb2RlbEJhY2tlbmQiLCJfYXV0aF91c2VyX2hhc2giOiJlYWFiOGE3MWI1ZDM3YWJjMDliYjFiNjg1NDcwNWZkMDUzYWUxZGYxIn0=", "expire_date": "2020-05-09T17:49:21.717Z"}}, {"model": "sessions.session", "pk": "98o70xr8iy995fcej8kv2c3kzdq9uiei", "fields": {"session_data": "Mzc2NDA4ZDQ3Mzg1YTllYTM5ODNiYjAxM2IzOTQ4NWM0Y2I5Yjk3YTp7Il9hdXRoX3VzZXJfaWQiOiIxIiwiX2F1dGhfdXNlcl9iYWNrZW5kIjoibXlzaXRlLmJhY2tlbmRzLkVtYWlsQmFja2VuZCIsIl9hdXRoX3VzZXJfaGFzaCI6ImVhYWI4YTcxYjVkMzdhYmMwOWJiMWI2ODU0NzA1ZmQwNTNhZTFkZjEifQ==", "expire_date": "2020-05-18T16:52:28.995Z"}}, {"model": "sessions.session", "pk": "c1gpbgflas3386hxtn40z5ygumftrs5i", "fields": {"session_data": "Mzc2NDA4ZDQ3Mzg1YTllYTM5ODNiYjAxM2IzOTQ4NWM0Y2I5Yjk3YTp7Il9hdXRoX3VzZXJfaWQiOiIxIiwiX2F1dGhfdXNlcl9iYWNrZW5kIjoibXlzaXRlLmJhY2tlbmRzLkVtYWlsQmFja2VuZCIsIl9hdXRoX3VzZXJfaGFzaCI6ImVhYWI4YTcxYjVkMzdhYmMwOWJiMWI2ODU0NzA1ZmQwNTNhZTFkZjEifQ==", "expire_date": "2020-05-19T20:13:19.297Z"}}, {"model": "sessions.session", "pk": "dnolu08ssexv62lz6m7pj403vanfrueq", "fields": {"session_data": "Mzc2NDA4ZDQ3Mzg1YTllYTM5ODNiYjAxM2IzOTQ4NWM0Y2I5Yjk3YTp7Il9hdXRoX3VzZXJfaWQiOiIxIiwiX2F1dGhfdXNlcl9iYWNrZW5kIjoibXlzaXRlLmJhY2tlbmRzLkVtYWlsQmFja2VuZCIsIl9hdXRoX3VzZXJfaGFzaCI6ImVhYWI4YTcxYjVkMzdhYmMwOWJiMWI2ODU0NzA1ZmQwNTNhZTFkZjEifQ==", "expire_date": "2020-05-16T18:40:05.198Z"}}, {"model": "sessions.session", "pk": "dwtnvsdtsxrto17yz6c7tl2vnqrjb3o0", "fields": {"session_data": "Y2U4YjkxZWNjYjAxY2Q4ZDE4ZDUwNWE0OGYxNGVkY2U4ZjA4NGI5Mzp7Il9hdXRoX3VzZXJfaWQiOiIxNyIsIl9hdXRoX3VzZXJfYmFja2VuZCI6ImRqYW5nby5jb250cmliLmF1dGguYmFja2VuZHMuTW9kZWxCYWNrZW5kIiwiX2F1dGhfdXNlcl9oYXNoIjoiNjVmMWFiODY3NTcyZTdjOTBhM2Q2NjhjMjkzMjM3NGEwZmQ2ZWVhYiJ9", "expire_date": "2020-06-07T16:42:31.956Z"}}, {"model": "sessions.session", "pk": "ecm5ry13hd07a3ovl8jfm3r97fw9gjco", "fields": {"session_data": "Y2U4YjkxZWNjYjAxY2Q4ZDE4ZDUwNWE0OGYxNGVkY2U4ZjA4NGI5Mzp7Il9hdXRoX3VzZXJfaWQiOiIxNyIsIl9hdXRoX3VzZXJfYmFja2VuZCI6ImRqYW5nby5jb250cmliLmF1dGguYmFja2VuZHMuTW9kZWxCYWNrZW5kIiwiX2F1dGhfdXNlcl9oYXNoIjoiNjVmMWFiODY3NTcyZTdjOTBhM2Q2NjhjMjkzMjM3NGEwZmQ2ZWVhYiJ9", "expire_date": "2020-06-07T16:18:05.994Z"}}, {"model": "sessions.session", "pk": "fgrxl36q6eokt254txdgjjge1bb4czk9", "fields": {"session_data": "Mzc2NDA4ZDQ3Mzg1YTllYTM5ODNiYjAxM2IzOTQ4NWM0Y2I5Yjk3YTp7Il9hdXRoX3VzZXJfaWQiOiIxIiwiX2F1dGhfdXNlcl9iYWNrZW5kIjoibXlzaXRlLmJhY2tlbmRzLkVtYWlsQmFja2VuZCIsIl9hdXRoX3VzZXJfaGFzaCI6ImVhYWI4YTcxYjVkMzdhYmMwOWJiMWI2ODU0NzA1ZmQwNTNhZTFkZjEifQ==", "expire_date": "2020-05-13T07:02:56.600Z"}}, {"model": "sessions.session", "pk": "hyf0wmtkhgjmjz4ud6trif2at0lnd498", "fields": {"session_data": "MDZhYzBhOTRhYmQxYjI5YzQ0ZDllMDhmOWFiOTNlZjZjOTBiZTI0Nzp7Il9wYXNzd29yZF9yZXNldF90b2tlbiI6IjVnMi0zZGU3MzkyYTVkNThlZWZiNzQ5MiJ9", "expire_date": "2020-05-13T16:11:51.377Z"}}, {"model": "sessions.session", "pk": "ljdkg107u320z8nz2wkp0m5f4h1bble0", "fields": {"session_data": "MGIyMzA1Y2Q4OGFlZjdkZmRiNjhkODcwNmY4Nzg3YmYzNmVhMzZjZTp7fQ==", "expire_date": "2020-05-20T12:49:27.305Z"}}, {"model": "sessions.session", "pk": "ocqzme1ro3afihz4xs8u01z75d0aet62", "fields": {"session_data": "MGIyMzA1Y2Q4OGFlZjdkZmRiNjhkODcwNmY4Nzg3YmYzNmVhMzZjZTp7fQ==", "expire_date": "2020-05-20T16:08:31.470Z"}}, {"model": "sessions.session", "pk": "opwtkyw44q4nhp7w3cc91n96akdr8dho", "fields": {"session_data": "NWEwZWVmYmQyMTc1ODIxZmIzZjRlYTYxMGE1NGMxNzlmYzQ4MmY0MDp7Il9hdXRoX3VzZXJfaWQiOiIxMSIsIl9hdXRoX3VzZXJfYmFja2VuZCI6Im15c2l0ZS5iYWNrZW5kcy5FbWFpbEJhY2tlbmQiLCJfYXV0aF91c2VyX2hhc2giOiI4NDg5ODQ4ZmE3OWM0ODZkMDdlZGM1ZGFmOTUyZDQ4MGYzMjZiMjRkIn0=", "expire_date": "2020-05-21T23:09:24.096Z"}}, {"model": "sessions.session", "pk": "q1uvzp1im9y27t25se6ev23dye46zz0o", "fields": {"session_data": "MGIyMzA1Y2Q4OGFlZjdkZmRiNjhkODcwNmY4Nzg3YmYzNmVhMzZjZTp7fQ==", "expire_date": "2020-05-20T16:07:11.885Z"}}, {"model": "sessions.session", "pk": "t18b17g7iu6unh9p7438cioszxfruo25", "fields": {"session_data": "Y2U4YjkxZWNjYjAxY2Q4ZDE4ZDUwNWE0OGYxNGVkY2U4ZjA4NGI5Mzp7Il9hdXRoX3VzZXJfaWQiOiIxNyIsIl9hdXRoX3VzZXJfYmFja2VuZCI6ImRqYW5nby5jb250cmliLmF1dGguYmFja2VuZHMuTW9kZWxCYWNrZW5kIiwiX2F1dGhfdXNlcl9oYXNoIjoiNjVmMWFiODY3NTcyZTdjOTBhM2Q2NjhjMjkzMjM3NGEwZmQ2ZWVhYiJ9", "expire_date": "2020-06-09T22:53:33.131Z"}}, {"model": "sessions.session", "pk": "vcd26znrbkhf783e2yyeecmk9rhpyrwa", "fields": {"session_data": "Mzc2NDA4ZDQ3Mzg1YTllYTM5ODNiYjAxM2IzOTQ4NWM0Y2I5Yjk3YTp7Il9hdXRoX3VzZXJfaWQiOiIxIiwiX2F1dGhfdXNlcl9iYWNrZW5kIjoibXlzaXRlLmJhY2tlbmRzLkVtYWlsQmFja2VuZCIsIl9hdXRoX3VzZXJfaGFzaCI6ImVhYWI4YTcxYjVkMzdhYmMwOWJiMWI2ODU0NzA1ZmQwNTNhZTFkZjEifQ==", "expire_date": "2020-05-17T18:22:54.001Z"}}, {"model": "mysite.slider", "pk": 1, "fields": {"title": "Welcome to Voiceitout", "img": "slider_img/banner.jpg", "desc": "<p>Making Your Ideas Happen!</p>", "left_Button_Name": "Start a Petition", "left_Button_Link": "https://www.ndf.ng", "right_Button_Name": "Start a Commenation", "right_Button_Link": "https://ndf.ng"}}, {"model": "mysite.commendation_signer", "pk": 1, "fields": {"Name": "asdadas", "Email": "asda@gmail.com", "Reason": "adasda", "show_comment": true, "commendation": 1, "timestamp": "2020-04-21T22:08:35.480Z"}}, {"model": "mysite.commendation_signer", "pk": 2, "fields": {"Name": "asdasd", "Email": "asdas@gmail.com", "Reason": "adasdadasd", "show_comment": true, "commendation": 1, "timestamp": "2020-04-21T22:10:02.190Z"}}, {"model": "mysite.commendation_signer", "pk": 3, "fields": {"Name": "asdasd", "Email": "asda@gmail.com", "Reason": "adasdasd", "show_comment": false, "commendation": 1, "timestamp": "2020-04-21T22:10:56.799Z"}}, {"model": "mysite.commendation_signer", "pk": 4, "fields": {"Name": "suleman", "Email": "sul@gmail.com", "Reason": "Look behind yourself what you did for yourself", "show_comment": true, "commendation": 1, "timestamp": "2020-04-22T06:54:28.859Z"}}, {"model": "mysite.commendation_signer", "pk": 5, "fields": {"Name": "suleman", "Email": "sul@gmail.com", "Reason": "Look behind yourself what you did for yourself", "show_comment": false, "commendation": 1, "timestamp": "2020-04-22T06:55:00.806Z"}}, {"model": "mysite.commendation_signer", "pk": 6, "fields": {"Name": "sdfsdf", "Email": "sdfsd@gmail.com", "Reason": "edsfsdf", "show_comment": true, "commendation": 1, "timestamp": "2020-04-26T11:45:04.955Z"}}, {"model": "mysite.askedquestions", "pk": 1, "fields": {"category": "Account", "questions": "what is a blog", "answers": "kadnlaksd lasdlkasd alskdaslk dlaskmdas dlasndlaks dasjdnas daksjdnaskjd askjdnaskjd asjkdnaskd asjkdnaskjd aksjdnas dkjasdnas djakdnask daskjdnakjsd askjdnaksjd askjdnaskjd asdkjasndkjas"}}, {"model": "mysite.askedquestions", "pk": 2, "fields": {"category": "Account", "questions": "account details", "answers": "dknfskldfns fjsdnfkjsd fsdfs"}}, {"model": "mysite.askedquestions", "pk": 3, "fields": {"category": "Commendation", "questions": "asndksajndkajsndakj", "answers": "kjsdnfkjsd fkjsdfnksdkk fsdkjf sdkjfnskdjf sdkjfnskjf sdkjf sdjf sdkjf ksdjf"}}, {"model": "mysite.webbanner", "pk": 1, "fields": {"banner": "Banner/20/05/06/1920x350-2_TV0hSka.jpg"}}, {"model": "mysite.staff", "pk": 1, "fields": {"name": "NAME (DESIGNATION)", "description": "Lorem Ipsum is simply dummy text of the printing and typesetting industry. Lorem Ipsum has been the industry\u2019s standard dummy text ever since the 1500s, when an unknown printer took a galley of type and scrambled it to make a type specimen book. It has survived not only five centuries, but also the leap into electronic typesetting, remaining essentially unchanged. It was popularised in the 1960s with the release of Letraset sheets containing Lorem Ipsum passages, and more recently with desktop p", "gAdmin": "True", "cAdmin": "Nigeria", "iProfile": "Team/Images/20/05/27/staff3-500x500.jpg"}}, {"model": "mysite.staff", "pk": 2, "fields": {"name": "Natalie Naples", "description": "Lorem ipsum dolor sit amet, consectetur adipiscing elit. Proin pulvinar nisl enim, eget dignissim felis posuere in. Ut suscipit et mi facilisis posuere. Nulla iaculis placerat dui in rutrum. Nulla\u2026", "gAdmin": "None", "cAdmin": "Lagos", "iProfile": "Team/Images/20/05/27/staff1-500x500_MfS4kFj.jpg"}}, {"model": "blogs.blogcomment", "pk": 1, "fields": {"name": "aksjdnak", "email": "jksdnk@gmail.com", "description": "nasjkdnkajs daksjdnaksj djaksdnas djkas djas daksjdnasjkd askj", "post_date": "2020-04-21T22:32:52.047Z", "blog": 1}}, {"model": "blogs.blogcomment", "pk": 2, "fields": {"name": "askdjnsakjd", "email": "jksndjasdn@gmail.com", "description": "adkjnaskjd kasjdnas dkjasndkjas dkajsndas dkajsdnkjasdnajskd askjdnaskjd", "post_date": "2020-04-21T22:33:27.216Z", "blog": 1}}, {"model": "blogs.blogcomment", "pk": 3, "fields": {"name": "kjsndksj", "email": "jksdnfkjs@gmail.com", "description": "naskjdnaksjd jkasndjkas dkjasndkjasd ksjadnsakj", "post_date": "2020-04-21T22:38:54.169Z", "blog": 1}}, {"model": "blogs.blogreply", "pk": 1, "fields": {"name": "sulemanmughal", "email": "sulemanmughal155@gmail.com", "description": "adasndkajsd kajsdnkjasd", "post_date": "2020-04-21T22:39:29.919Z", "comment": 3}}, {"model": "blogs.blogreply", "pk": 2, "fields": {"name": "sulemanmughal", "email": "sulemanmughal155@gmail.com", "description": "asdalskmd asdnlaksd lkasmdlkas laksmdlkaslkasmd", "post_date": "2020-04-21T22:39:45.367Z", "comment": 3}}, {"model": "auth.permission", "pk": 1, "fields": {"name": "Can add log entry", "content_type": 1, "codename": "add_logentry"}}, {"model": "auth.permission", "pk": 2, "fields": {"name": "Can change log entry", "content_type": 1, "codename": "change_logentry"}}, {"model": "auth.permission", "pk": 3, "fields": {"name": "Can delete log entry", "content_type": 1, "codename": "delete_logentry"}}, {"model": "auth.permission", "pk": 4, "fields": {"name": "Can view log entry", "content_type": 1, "codename": "view_logentry"}}, {"model": "auth.permission", "pk": 5, "fields": {"name": "Can add permission", "content_type": 2, "codename": "add_permission"}}, {"model": "auth.permission", "pk": 6, "fields": {"name": "Can change permission", "content_type": 2, "codename": "change_permission"}}, {"model": "auth.permission", "pk": 7, "fields": {"name": "Can delete permission", "content_type": 2, "codename": "delete_permission"}}, {"model": "auth.permission", "pk": 8, "fields": {"name": "Can view permission", "content_type": 2, "codename": "view_permission"}}, {"model": "auth.permission", "pk": 9, "fields": {"name": "Can add group", "content_type": 3, "codename": "add_group"}}, {"model": "auth.permission", "pk": 10, "fields": {"name": "Can change group", "content_type": 3, "codename": "change_group"}}, {"model": "auth.permission", "pk": 11, "fields": {"name": "Can delete group", "content_type": 3, "codename": "delete_group"}}, {"model": "auth.permission", "pk": 12, "fields": {"name": "Can view group", "content_type": 3, "codename": "view_group"}}, {"model": "auth.permission", "pk": 13, "fields": {"name": "Can add user", "content_type": 4, "codename": "add_user"}}, {"model": "auth.permission", "pk": 14, "fields": {"name": "Can change user", "content_type": 4, "codename": "change_user"}}, {"model": "auth.permission", "pk": 15, "fields": {"name": "Can delete user", "content_type": 4, "codename": "delete_user"}}, {"model": "auth.permission", "pk": 16, "fields": {"name": "Can view user", "content_type": 4, "codename": "view_user"}}, {"model": "auth.permission", "pk": 17, "fields": {"name": "Can add content type", "content_type": 5, "codename": "add_contenttype"}}, {"model": "auth.permission", "pk": 18, "fields": {"name": "Can change content type", "content_type": 5, "codename": "change_contenttype"}}, {"model": "auth.permission", "pk": 19, "fields": {"name": "Can delete content type", "content_type": 5, "codename": "delete_contenttype"}}, {"model": "auth.permission", "pk": 20, "fields": {"name": "Can view content type", "content_type": 5, "codename": "view_contenttype"}}, {"model": "auth.permission", "pk": 21, "fields": {"name": "Can add session", "content_type": 6, "codename": "add_session"}}, {"model": "auth.permission", "pk": 22, "fields": {"name": "Can change session", "content_type": 6, "codename": "change_session"}}, {"model": "auth.permission", "pk": 23, "fields": {"name": "Can delete session", "content_type": 6, "codename": "delete_session"}}, {"model": "auth.permission", "pk": 24, "fields": {"name": "Can view session", "content_type": 6, "codename": "view_session"}}, {"model": "auth.permission", "pk": 25, "fields": {"name": "Can add petition", "content_type": 7, "codename": "add_petition"}}, {"model": "auth.permission", "pk": 26, "fields": {"name": "Can change petition", "content_type": 7, "codename": "change_petition"}}, {"model": "auth.permission", "pk": 27, "fields": {"name": "Can delete petition", "content_type": 7, "codename": "delete_petition"}}, {"model": "auth.permission", "pk": 28, "fields": {"name": "Can view petition", "content_type": 7, "codename": "view_petition"}}, {"model": "auth.permission", "pk": 29, "fields": {"name": "Can add user profile", "content_type": 8, "codename": "add_userprofile"}}, {"model": "auth.permission", "pk": 30, "fields": {"name": "Can change user profile", "content_type": 8, "codename": "change_userprofile"}}, {"model": "auth.permission", "pk": 31, "fields": {"name": "Can delete user profile", "content_type": 8, "codename": "delete_userprofile"}}, {"model": "auth.permission", "pk": 32, "fields": {"name": "Can view user profile", "content_type": 8, "codename": "view_userprofile"}}, {"model": "auth.permission", "pk": 33, "fields": {"name": "Can add petition response feedback", "content_type": 9, "codename": "add_petitionresponsefeedback"}}, {"model": "auth.permission", "pk": 34, "fields": {"name": "Can change petition response feedback", "content_type": 9, "codename": "change_petitionresponsefeedback"}}, {"model": "auth.permission", "pk": 35, "fields": {"name": "Can delete petition response feedback", "content_type": 9, "codename": "delete_petitionresponsefeedback"}}, {"model": "auth.permission", "pk": 36, "fields": {"name": "Can view petition response feedback", "content_type": 9, "codename": "view_petitionresponsefeedback"}}, {"model": "auth.permission", "pk": 37, "fields": {"name": "Can add commendation", "content_type": 10, "codename": "add_commendation"}}, {"model": "auth.permission", "pk": 38, "fields": {"name": "Can change commendation", "content_type": 10, "codename": "change_commendation"}}, {"model": "auth.permission", "pk": 39, "fields": {"name": "Can delete commendation", "content_type": 10, "codename": "delete_commendation"}}, {"model": "auth.permission", "pk": 40, "fields": {"name": "Can view commendation", "content_type": 10, "codename": "view_commendation"}}, {"model": "auth.permission", "pk": 41, "fields": {"name": "Can add commendation response feedback", "content_type": 11, "codename": "add_commendationresponsefeedback"}}, {"model": "auth.permission", "pk": 42, "fields": {"name": "Can change commendation response feedback", "content_type": 11, "codename": "change_commendationresponsefeedback"}}, {"model": "auth.permission", "pk": 43, "fields": {"name": "Can delete commendation response feedback", "content_type": 11, "codename": "delete_commendationresponsefeedback"}}, {"model": "auth.permission", "pk": 44, "fields": {"name": "Can view commendation response feedback", "content_type": 11, "codename": "view_commendationresponsefeedback"}}, {"model": "auth.permission", "pk": 45, "fields": {"name": "Can add petition_ signer", "content_type": 12, "codename": "add_petition_signer"}}, {"model": "auth.permission", "pk": 46, "fields": {"name": "Can change petition_ signer", "content_type": 12, "codename": "change_petition_signer"}}, {"model": "auth.permission", "pk": 47, "fields": {"name": "Can delete petition_ signer", "content_type": 12, "codename": "delete_petition_signer"}}, {"model": "auth.permission", "pk": 48, "fields": {"name": "Can view petition_ signer", "content_type": 12, "codename": "view_petition_signer"}}, {"model": "auth.permission", "pk": 49, "fields": {"name": "Can add blog", "content_type": 13, "codename": "add_blog"}}, {"model": "auth.permission", "pk": 50, "fields": {"name": "Can change blog", "content_type": 13, "codename": "change_blog"}}, {"model": "auth.permission", "pk": 51, "fields": {"name": "Can delete blog", "content_type": 13, "codename": "delete_blog"}}, {"model": "auth.permission", "pk": 52, "fields": {"name": "Can view blog", "content_type": 13, "codename": "view_blog"}}, {"model": "auth.permission", "pk": 53, "fields": {"name": "Can add blog comment", "content_type": 14, "codename": "add_blogcomment"}}, {"model": "auth.permission", "pk": 54, "fields": {"name": "Can change blog comment", "content_type": 14, "codename": "change_blogcomment"}}, {"model": "auth.permission", "pk": 55, "fields": {"name": "Can delete blog comment", "content_type": 14, "codename": "delete_blogcomment"}}, {"model": "auth.permission", "pk": 56, "fields": {"name": "Can view blog comment", "content_type": 14, "codename": "view_blogcomment"}}, {"model": "auth.permission", "pk": 57, "fields": {"name": "Can add blog reply", "content_type": 15, "codename": "add_blogreply"}}, {"model": "auth.permission", "pk": 58, "fields": {"name": "Can change blog reply", "content_type": 15, "codename": "change_blogreply"}}, {"model": "auth.permission", "pk": 59, "fields": {"name": "Can delete blog reply", "content_type": 15, "codename": "delete_blogreply"}}, {"model": "auth.permission", "pk": 60, "fields": {"name": "Can view blog reply", "content_type": 15, "codename": "view_blogreply"}}, {"model": "auth.permission", "pk": 61, "fields": {"name": "Can add commendation_ signer", "content_type": 16, "codename": "add_commendation_signer"}}, {"model": "auth.permission", "pk": 62, "fields": {"name": "Can change commendation_ signer", "content_type": 16, "codename": "change_commendation_signer"}}, {"model": "auth.permission", "pk": 63, "fields": {"name": "Can delete commendation_ signer", "content_type": 16, "codename": "delete_commendation_signer"}}, {"model": "auth.permission", "pk": 64, "fields": {"name": "Can view commendation_ signer", "content_type": 16, "codename": "view_commendation_signer"}}, {"model": "auth.permission", "pk": 65, "fields": {"name": "Can add asked questions", "content_type": 17, "codename": "add_askedquestions"}}, {"model": "auth.permission", "pk": 66, "fields": {"name": "Can change asked questions", "content_type": 17, "codename": "change_askedquestions"}}, {"model": "auth.permission", "pk": 67, "fields": {"name": "Can delete asked questions", "content_type": 17, "codename": "delete_askedquestions"}}, {"model": "auth.permission", "pk": 68, "fields": {"name": "Can view asked questions", "content_type": 17, "codename": "view_askedquestions"}}, {"model": "auth.permission", "pk": 69, "fields": {"name": "Can add web banner", "content_type": 18, "codename": "add_webbanner"}}, {"model": "auth.permission", "pk": 70, "fields": {"name": "Can change web banner", "content_type": 18, "codename": "change_webbanner"}}, {"model": "auth.permission", "pk": 71, "fields": {"name": "Can delete web banner", "content_type": 18, "codename": "delete_webbanner"}}, {"model": "auth.permission", "pk": 72, "fields": {"name": "Can view web banner", "content_type": 18, "codename": "view_webbanner"}}, {"model": "auth.permission", "pk": 73, "fields": {"name": "Can add slider", "content_type": 19, "codename": "add_slider"}}, {"model": "auth.permission", "pk": 74, "fields": {"name": "Can change slider", "content_type": 19, "codename": "change_slider"}}, {"model": "auth.permission", "pk": 75, "fields": {"name": "Can delete slider", "content_type": 19, "codename": "delete_slider"}}, {"model": "auth.permission", "pk": 76, "fields": {"name": "Can view slider", "content_type": 19, "codename": "view_slider"}}, {"model": "auth.permission", "pk": 77, "fields": {"name": "Can add staff", "content_type": 20, "codename": "add_staff"}}, {"model": "auth.permission", "pk": 78, "fields": {"name": "Can change staff", "content_type": 20, "codename": "change_staff"}}, {"model": "auth.permission", "pk": 79, "fields": {"name": "Can delete staff", "content_type": 20, "codename": "delete_staff"}}, {"model": "auth.permission", "pk": 80, "fields": {"name": "Can view staff", "content_type": 20, "codename": "view_staff"}}, {"model": "auth.user", "pk": 1, "fields": {"password": "pbkdf2_sha256$150000$6pqWsCmD6GeF$4+eoiMf8uZT3kM/HW0WDIrvWrkWZcwR/U0x7J5WPTu4=", "last_login": "2020-05-07T22:01:05.397Z", "is_superuser": true, "username": "sulemanmughal", "first_name": "Suleman", "last_name": "Shahid", "email": "sulemanmughal155@gmail.com", "is_staff": true, "is_active": true, "date_joined": "2020-04-21T19:10:06Z", "groups": [], "user_permissions": []}}, {"model": "auth.user", "pk": 3, "fields": {"password": "pbkdf2_sha256$150000$hRWRK9EgzfFx$Exwb1HrhUQlLKkah7Ommbuel9jYVm1ImJyCxm/kAReU=", "last_login": null, "is_superuser": false, "username": "asdasdasdasd", "first_name": "dfsdfsdfsd", "last_name": "dsfsdfsd", "email": "sada@gmail.com", "is_staff": false, "is_active": false, "date_joined": "2020-04-25T12:41:36.123Z", "groups": [], "user_permissions": []}}, {"model": "auth.user", "pk": 4, "fields": {"password": "pbkdf2_sha256$150000$Egu1GuZbVRfO$ngiHqouMc5VEoaxoSXeE8Gn9gIk/r2bXEBpCaOR5S7o=", "last_login": "2020-04-25T14:54:36.540Z", "is_superuser": false, "username": "suleman", "first_name": "Suleman", "last_name": "Shahid", "email": "suleman@gmail.com", "is_staff": false, "is_active": true, "date_joined": "2020-04-25T14:54:00.528Z", "groups": [], "user_permissions": []}}, {"model": "auth.user", "pk": 5, "fields": {"password": "pbkdf2_sha256$150000$Zn3UyA7tiUrv$/xQU19vUGQskky2wtQC2vdw49/CihMD++ZiGsy3weuc=", "last_login": "2020-04-25T15:51:39.723Z", "is_superuser": false, "username": "shahid", "first_name": "Shahid", "last_name": "Suleman", "email": "shahid@gmail.com", "is_staff": false, "is_active": true, "date_joined": "2020-04-25T15:00:36.086Z", "groups": [], "user_permissions": []}}, {"model": "auth.user", "pk": 6, "fields": {"password": "pbkdf2_sha256$150000$7W1koXr6BT9u$nhT+6Ue+Cci+u79qfeVRj2KT2Eb6J0FYBhOHBldekoY=", "last_login": null, "is_superuser": false, "username": "dsknfsdkfn", "first_name": "asdnas", "last_name": "klsndklndsfl`", "email": "dsknfsdkfn@gmail.com", "is_staff": false, "is_active": true, "date_joined": "2020-04-26T17:38:13.668Z", "groups": [], "user_permissions": []}}, {"model": "auth.user", "pk": 7, "fields": {"password": "pbkdf2_sha256$150000$I96rvIsViDPu$KnSJ7w2IUFvNKRrRKqRrmo7KKZ2PxoIZdS9S8Nee3Yw=", "last_login": null, "is_superuser": false, "username": "klsdmflkds", "first_name": "kdflsdkf", "last_name": "lksdmflksdmf", "email": "klsdmflkds@gmail.com", "is_staff": false, "is_active": true, "date_joined": "2020-04-26T17:43:36.550Z", "groups": [], "user_permissions": []}}, {"model": "auth.user", "pk": 8, "fields": {"password": "pbkdf2_sha256$150000$m42BHUE0BdDJ$vV3fiEGs1V/MjjIViieYus8hGGNHTuTLPqGCr6E9vxY=", "last_login": null, "is_superuser": false, "username": "hamza", "first_name": "hamza", "last_name": "ALi", "email": "hamza@gmail.com", "is_staff": false, "is_active": true, "date_joined": "2020-04-26T17:44:11.693Z", "groups": [], "user_permissions": []}}, {"model": "auth.user", "pk": 9, "fields": {"password": "pbkdf2_sha256$150000$xRvMuzejj5D3$hwTtD3+rKl1m9jgmfL3KrefJ//9tdAWbgxkBJkAOrQs=", "last_login": null, "is_superuser": false, "username": "zain", "first_name": "zain", "last_name": "ali", "email": "zain@gmail.com", "is_staff": false, "is_active": true, "date_joined": "2020-04-26T17:45:28.124Z", "groups": [], "user_permissions": []}}, {"model": "auth.user", "pk": 10, "fields": {"password": "pbkdf2_sha256$150000$lKfyaDSqKmib$Qfeygk7b3ugIVQH6O6IiHlFT8nIjZIWCbb/nsq46gzE=", "last_login": "2020-04-26T17:48:00.703Z", "is_superuser": false, "username": "irtaza", "first_name": "asld", "last_name": "kdsn", "email": "irtaza@gmail.com", "is_staff": false, "is_active": true, "date_joined": "2020-04-26T17:47:39.857Z", "groups": [], "user_permissions": []}}, {"model": "auth.user", "pk": 11, "fields": {"password": "pbkdf2_sha256$150000$bzIjiNvcUIbk$wrt/AIw5UJmMLp+5NaACi0u2KTUty3V1/P4Q6lbtbEc=", "last_login": "2020-05-07T23:09:23.971Z", "is_superuser": true, "username": "sas", "first_name": "Dawar", "last_name": "Sardar", "email": "sas@gmail.com", "is_staff": true, "is_active": true, "date_joined": "2020-05-01T21:24:34Z", "groups": [], "user_permissions": []}}, {"model": "auth.user", "pk": 13, "fields": {"password": "pbkdf2_sha256$150000$1c8pRHhm3BgK$fqKz+zUE59wKjU3Ey0bUwtuksoSxISQ4kuE3wJmS8/0=", "last_login": null, "is_superuser": false, "username": "kjnsakdjasndjan", "first_name": "dajksdbaksjdbaksjb", "last_name": "kjsakjdnaskjdn", "email": "kjnsakdjasndjan@gmail.com", "is_staff": false, "is_active": false, "date_joined": "2020-05-07T23:05:50.104Z", "groups": [], "user_permissions": []}}, {"model": "auth.user", "pk": 15, "fields": {"password": "pbkdf2_sha256$150000$cwNMpssawke2$QY/sAL8wcJVKZYwLbW33a2qHvfE6KYSeo3AiP1uyzl4=", "last_login": null, "is_superuser": false, "username": "knakjsdnaskjds", "first_name": "asdakjsdnkajsn", "last_name": "naskjdnasdkjn", "email": "knakjsdnaskjds@gmail.com", "is_staff": false, "is_active": true, "date_joined": "2020-05-07T23:07:10.708Z", "groups": [], "user_permissions": []}}, {"model": "auth.user", "pk": 16, "fields": {"password": "pbkdf2_sha256$150000$7omnjC7KiFEw$KNGQWmVdw4vANvPoqYtnhWMVcSBhOZOfqpf5bSyAtKs=", "last_login": null, "is_superuser": false, "username": "jnaskjdn", "first_name": "asdasdasndask", "last_name": "jnaksjdnaskjd", "email": "jnaskjdn@gmail.com", "is_staff": false, "is_active": true, "date_joined": "2020-05-07T23:08:00.713Z", "groups": [], "user_permissions": []}}, {"model": "auth.user", "pk": 17, "fields": {"password": "pbkdf2_sha256$180000$1Ep0xuiA2L2t$kEIVynoTdMZuYDEwupmpYdv2BZxflR697h8emBdOs48=", "last_login": "2020-05-26T22:53:32.968Z", "is_superuser": true, "username": "t.mabs", "first_name": "", "last_name": "", "email": "", "is_staff": true, "is_active": true, "date_joined": "2020-05-11T14:06:22.096Z", "groups": [], "user_permissions": []}}, {"model": "mysite.petition", "pk": 46, "fields": {"user": 17, "Petition_Coverage": "Nigeria", "Petition_Title": "Nigeria we hail thee", "Petition_Category": "Governance", "Petition_Category_Other": "", "Action_Person": "Minister", "Action_Person_Other": "", "Expalnation": "<p>Isaiah 52 King James Version (KJV)</p>\r\n\r\n<p style=\"text-align:justify\"><span style=\"font-size:11pt\"><span style=\"font-family:&quot;Calibri&quot;,&quot;sans-serif&quot;\"><strong><span style=\"font-size:18.0pt\"><span style=\"font-family:&quot;Times New Roman&quot;,&quot;serif&quot;\"><span style=\"color:black\">52&nbsp;</span></span></span></strong><span style=\"font-size:12.0pt\"><span style=\"font-family:&quot;Times New Roman&quot;,&quot;serif&quot;\"><span style=\"color:black\">Awake,<br />\r\nawake; put on thy strength, O Zion; put on thy beautiful garments, O Jerusalem,<br />\r\nthe holy city: for henceforth there shall no more come into thee the<br />\r\nuncircumcised and the unclean.</span></span></span></span></span></p>\r\n\r\n<p style=\"text-align:justify\"><span style=\"font-size:11pt\"><span style=\"font-family:&quot;Calibri&quot;,&quot;sans-serif&quot;\"><strong><sup><span style=\"font-size:9.0pt\"><span style=\"font-family:&quot;Times New Roman&quot;,&quot;serif&quot;\"><span style=\"color:black\">2&nbsp;</span></span></span></sup></strong><span style=\"font-size:12.0pt\"><span style=\"font-family:&quot;Times New Roman&quot;,&quot;serif&quot;\"><span style=\"color:black\">Shake<br />\r\nthyself from the dust; arise, and sit down, O Jerusalem: loose thyself from the<br />\r\nbands of thy neck, O captive daughter of Zion.</span></span></span></span></span></p>\r\n\r\n<p style=\"text-align:justify\"><span style=\"font-size:11pt\"><span style=\"font-family:&quot;Calibri&quot;,&quot;sans-serif&quot;\"><strong><sup><span style=\"font-size:9.0pt\"><span style=\"font-family:&quot;Times New Roman&quot;,&quot;serif&quot;\"><span style=\"color:black\">3&nbsp;</span></span></span></sup></strong><span style=\"font-size:12.0pt\"><span style=\"font-family:&quot;Times New Roman&quot;,&quot;serif&quot;\"><span style=\"color:black\">For thus<br />\r\nsaith the&nbsp;Lord, Ye have sold<br />\r\nyourselves for nought; and ye shall be redeemed without money.</span></span></span></span></span></p>\r\n\r\n<p style=\"text-align:justify\"><span style=\"font-size:11pt\"><span style=\"font-family:&quot;Calibri&quot;,&quot;sans-serif&quot;\"><strong><sup><span style=\"font-size:9.0pt\"><span style=\"font-family:&quot;Times New Roman&quot;,&quot;serif&quot;\"><span style=\"color:black\">4&nbsp;</span></span></span></sup></strong><span style=\"font-size:12.0pt\"><span style=\"font-family:&quot;Times New Roman&quot;,&quot;serif&quot;\"><span style=\"color:black\">For thus<br />\r\nsaith the Lord&nbsp;God, My people<br />\r\nwent down aforetime into Egypt to sojourn there; and the Assyrian oppressed<br />\r\nthem without cause.</span></span></span></span></span></p>\r\n\r\n<p style=\"text-align:justify\"><span style=\"font-size:11pt\"><span style=\"font-family:&quot;Calibri&quot;,&quot;sans-serif&quot;\"><strong><sup><span style=\"font-size:9.0pt\"><span style=\"font-family:&quot;Times New Roman&quot;,&quot;serif&quot;\"><span style=\"color:black\">5&nbsp;</span></span></span></sup></strong><span style=\"font-size:12.0pt\"><span style=\"font-family:&quot;Times New Roman&quot;,&quot;serif&quot;\"><span style=\"color:black\">Now<br />\r\ntherefore, what have I here, saith the&nbsp;Lord,<br />\r\nthat my people is taken away for nought? they that rule over them make them to<br />\r\nhowl, saith the&nbsp;Lord; and my<br />\r\nname continually every day is blasphemed.</span></span></span></span></span></p>\r\n\r\n<p style=\"text-align:justify\"><span style=\"font-size:11pt\"><span style=\"font-family:&quot;Calibri&quot;,&quot;sans-serif&quot;\"><strong><sup><span style=\"font-size:9.0pt\"><span style=\"font-family:&quot;Times New Roman&quot;,&quot;serif&quot;\"><span style=\"color:black\">6&nbsp;</span></span></span></sup></strong><span style=\"font-size:12.0pt\"><span style=\"font-family:&quot;Times New Roman&quot;,&quot;serif&quot;\"><span style=\"color:black\">Therefore<br />\r\nmy people shall know my name: therefore, they shall know in that day that I am<br />\r\nhe that doth speak: behold, it is I.</span></span></span></span></span></p>\r\n\r\n<p style=\"text-align:justify\"><span style=\"font-size:11pt\"><span style=\"font-family:&quot;Calibri&quot;,&quot;sans-serif&quot;\"><strong><sup><span style=\"font-size:9.0pt\"><span style=\"font-family:&quot;Times New Roman&quot;,&quot;serif&quot;\"><span style=\"color:black\">7&nbsp;</span></span></span></sup></strong><span style=\"font-size:12.0pt\"><span style=\"font-family:&quot;Times New Roman&quot;,&quot;serif&quot;\"><span style=\"color:black\">How<br />\r\nbeautiful upon the mountains are the feet of him that bringeth good tidings,<br />\r\nthat publisheth peace; that bringeth good tidings of good, that publisheth<br />\r\nsalvation; that saith unto Zion, Thy God reigneth!</span></span></span></span></span></p>\r\n\r\n<p style=\"text-align:justify\"><span style=\"font-size:11pt\"><span style=\"font-family:&quot;Calibri&quot;,&quot;sans-serif&quot;\"><strong><sup><span style=\"font-size:9.0pt\"><span style=\"font-family:&quot;Times New Roman&quot;,&quot;serif&quot;\"><span style=\"color:black\">8&nbsp;</span></span></span></sup></strong><span style=\"font-size:12.0pt\"><span style=\"font-family:&quot;Times New Roman&quot;,&quot;serif&quot;\"><span style=\"color:black\">Thy<br />\r\nwatchmen shall lift up the voice; with the voice together shall they sing: for<br />\r\nthey shall see eye to eye, when the&nbsp;Lord&nbsp;shall<br />\r\nbring again Zion.</span></span></span></span></span></p>\r\n\r\n<p><strong><sup><span style=\"font-size:9.0pt\"><span style=\"font-family:&quot;Times New Roman&quot;,&quot;serif&quot;\"><span style=\"color:black\">9&nbsp;</span></span></span></sup></strong><span style=\"font-size:12.0pt\"><span style=\"font-family:&quot;Times New Roman&quot;,&quot;serif&quot;\"><span style=\"color:black\">Break<br />\r\nforth into joy, sing together, ye waste places of Jerusalem: for the&nbsp;Lord&nbsp;hath comforted his people, he<br />\r\nhath redeemed Jerusalem.</span></span></span></p>", "Image": "101_130_1583277233259_ndflogo.png", "approve": true, "timestamp": "2020-05-03T09:10:35.407Z"}}, {"model": "mysite.petition", "pk": 47, "fields": {"user": 1, "Petition_Coverage": "Nigeria", "Petition_Title": "yes", "Petition_Category": "Governance", "Petition_Category_Other": "", "Action_Person": "State Governor", "Action_Person_Other": "", "Expalnation": "<p style=\"text-align:justify\"><span style=\"font-size:13px\">Describe what is happening, how it is affecting you and everyone concerned, then profile solutions. Your petition should be logically writing, no abuse words or statements. Generally, petition should be at least 750 words to capture details and inspire people to endorse and sup</span></p>", "Image": "yes.jpeg", "approve": true, "timestamp": "2020-05-03T11:11:24.554Z"}}, {"model": "mysite.petition", "pk": 48, "fields": {"user": 17, "Petition_Coverage": "Nigeria", "Petition_Title": "This is another rest", "Petition_Category": "Politic, Election", "Petition_Category_Other": "", "Action_Person": "Minister", "Action_Person_Other": "", "Expalnation": "<p style=\"text-align:justify\">Describe what is happening, how it is affecting you and everyone concerned, then profile solutions. Your petition should be logically writing, no abuse words or statements. Generally, petition should be at least 750 words to capture details and inspire people to endorse and support. You should add appropriate images in the next section</p>", "Image": "rest.jpeg", "approve": true, "timestamp": "2020-05-03T11:40:34.773Z"}}, {"model": "mysite.petition", "pk": 49, "fields": {"user": 11, "Petition_Coverage": "Abuja", "Petition_Title": "sdfsdfsdfsdf", "Petition_Category": "Others", "Petition_Category_Other": "sdfsdfsdfsdf", "Action_Person": "Senate", "Action_Person_Other": "", "Expalnation": "<p style=\"text-align:justify\">sdjfnsdkjf sdfkjsndfkj sdfkjsndfkjsdf</p>", "Image": "QR-code_SAhLF6y.png", "approve": null, "timestamp": "2020-05-06T15:30:41.284Z"}}, {"model": "mysite.userprofile", "pk": 1, "fields": {"user": 1, "Coverage_Admin": "Abuja", "golbal_Admin": "True", "aggreeTerms": true}}, {"model": "mysite.userprofile", "pk": 2, "fields": {"user": 5, "Coverage_Admin": "Abuja", "golbal_Admin": "True", "aggreeTerms": true}}, {"model": "mysite.userprofile", "pk": 3, "fields": {"user": 3, "Coverage_Admin": "Abuja", "golbal_Admin": "False", "aggreeTerms": true}}, {"model": "mysite.userprofile", "pk": 4, "fields": {"user": 6, "Coverage_Admin": "None", "golbal_Admin": "None", "aggreeTerms": true}}, {"model": "mysite.userprofile", "pk": 5, "fields": {"user": 7, "Coverage_Admin": "None", "golbal_Admin": "None", "aggreeTerms": true}}, {"model": "mysite.userprofile", "pk": 6, "fields": {"user": 8, "Coverage_Admin": "None", "golbal_Admin": "None", "aggreeTerms": true}}, {"model": "mysite.userprofile", "pk": 7, "fields": {"user": 9, "Coverage_Admin": "Abuja", "golbal_Admin": "True", "aggreeTerms": true}}, {"model": "mysite.userprofile", "pk": 8, "fields": {"user": 10, "Coverage_Admin": "None", "golbal_Admin": "None", "aggreeTerms": true}}, {"model": "mysite.userprofile", "pk": 9, "fields": {"user": 11, "Coverage_Admin": "Abuja", "golbal_Admin": "True", "aggreeTerms": true}}, {"model": "mysite.userprofile", "pk": 11, "fields": {"user": 13, "Coverage_Admin": "None", "golbal_Admin": "None", "aggreeTerms": true}}, {"model": "mysite.userprofile", "pk": 13, "fields": {"user": 15, "Coverage_Admin": "None", "golbal_Admin": "None", "aggreeTerms": true}}, {"model": "mysite.userprofile", "pk": 14, "fields": {"user": 16, "Coverage_Admin": "None", "golbal_Admin": "None", "aggreeTerms": true}}, {"model": "mysite.petitionresponsefeedback", "pk": 6, "fields": {"user": 1, "petition": 46, "Coverage_Admin": "Abuja", "Feedback": "asdjnaksjdnas dakjsdnas dajksdnas dkjasndas asjkdnas dakjsdnaskd askjdnaskjd asdkjanskjdsand askjdnjkewrwnsdkjfn sdkjfnskdjf kjsdfnkjsdf kjdsnfkjsdfn skdjfsd", "response": "False", "timestamp": "2020-05-03T11:08:09.860Z"}}, {"model": "mysite.petitionresponsefeedback", "pk": 7, "fields": {"user": 1, "petition": 47, "Coverage_Admin": "Abuja", "Feedback": "mdaslkdmas dalksdlaksd alksmdlaksda lkasdda", "response": "True", "timestamp": "2020-05-03T11:13:49.022Z"}}, {"model": "mysite.petitionresponsefeedback", "pk": 8, "fields": {"user": 6, "petition": 46, "Coverage_Admin": "Delta", "Feedback": "<p>aasdnasjkd askjdnas dkajsdnkajs dkajsdnkajsdnkjasd akjsdnkasjdnaksjd akjsdnkasjdnkasd</p>", "response": "True", "timestamp": "2020-05-03T12:18:50.957Z"}}, {"model": "mysite.petitionresponsefeedback", "pk": 9, "fields": {"user": 7, "petition": 48, "Coverage_Admin": "Bayelsa", "Feedback": "<p>asdas asdasdasd dasdklasmdla sdlasndlasd ajsdnajsd ajsdnkjasdnas dkjasdnkjas dkjasdnkjasd akjsdnakjsd asjkdnaksjd askjdnaksjd asjkdnaskjdnaskjd akjsdnajksdnas dkjasndjkasdn asdjknaksjdnas djkadnajsdnkjasdkjasd kjasdnaskjd ajksd akjsdnakjsdakjsd akjsdnksajdnjhewiruwjbsdn sdhfbsdhfbsdjf shdfbsjbjbf sdjfbsdjfbsdf sdjfbsdfbsdf</p>", "response": "True", "timestamp": "2020-05-03T12:19:31.369Z"}}, {"model": "mysite.petitionresponsefeedback", "pk": 10, "fields": {"user": 9, "petition": 48, "Coverage_Admin": "Benue", "Feedback": "<p>asdasdasdnaskdjsa kdjsandkjas d kjnaskjdanskjad kajsndkjasndkjas dkjasndkjas dkjasndkajsdnk</p>", "response": "True", "timestamp": "2020-05-03T12:42:44.639Z"}}, {"model": "mysite.commendation", "pk": 1, "fields": {"user": 1, "Commendation_Coverage": "Abuja", "Commendation_Title": "askdmalksdmalksmdlka", "Commendation_Category": "Politic, Election", "Commendation_Category_Other": "", "Action_Person": "Senate", "Action_Person_Other": "", "Expalnation": "<p style=\"text-align:justify\">sociis natoque penatibus et magnis dis parturient montes, nascetur ridiculus mus. Donec quam felis, ultricies nec, pellentesque sociis natoque penatibus et magnis dis parturient montes, nascetur ridiculus mus. Donec quam felis, ultricies nec, pellentesque eu, pre<em><u><strong>tium quis, sem. Nulla consequat </strong></u></em>massa quis enim. Donec pede justo, fringilla vel, aliquet nec, vulputate e<strong>get, arcu. In enim jus</strong>to, rhoncus ut, imperdiet a, venenatis vitae, justo. Nullam dictum felis eu pede mollis pretium. Integer tincidunt. Cras dapibus. Vivamus elementum semper nisi. Aenean vulputate eleifend tellus. Aenean leo ligula, porttitor e<u>u, consequat v</u>itae, eleifend<s> ac, enim. Aliquam lorem ant</s>e, dapibus in, viverra quis, feugiat a, tellus. Phasellus viverra nulla ut metus varius laoreet. Quisque rutrum. Aenean imperdiet. Etiam ultricies nisi vel augue. Curabitur ullamc<strong>orper ultricies nisi. Nam eget </strong>dui. Etiam rhoncus. Maecenas tempus, tellus eget condimentum rhoncus, sem quam semper libero, sit amet , imperdiet a, venenatis vitae, justo. Nullam dictum felis eu pede mollis pretium. Integer tincidunt. Cras dapibus. Vivamus elementum semper nisi. Aenean vulputate eleifend tellus. Aenean leo ligula, porttitor eu, consequat vitae, eleifend ac, enim. Aliquam lorem ante, dapibus in, viverra quis, feugiat a, tellus. Phasellus viverra nulla ut metus varius laoreet. Quisque rutrum. Aenean imperdiet. Etiam ultricies nisi vel augue. Curabitur ullamcorper ultricies nisi. Nam eget dui. Etiam rhoncus. Maecenas tempus, tellus eget condimentum rhoncus, sem quam semper libero, sit amet</p>", "Image": "QR-code_FHOBzDo.png", "approve": true, "timestamp": "2020-04-21T21:27:13.133Z"}}, {"model": "mysite.commendation", "pk": 2, "fields": {"user": 11, "Commendation_Coverage": "Abuja", "Commendation_Title": "sfdsfsdfsdfsdf", "Commendation_Category": "Judiciary", "Commendation_Category_Other": "", "Action_Person": "Minister", "Action_Person_Other": "", "Expalnation": "<p style=\"text-align:justify\">sdlflks dfm sdlf sdfljsndfj sdfjksndfkj sdfk</p>", "Image": "QR-code_mnJ2IGM.png", "approve": false, "timestamp": "2020-05-06T16:32:27.333Z"}}, {"model": "mysite.commendation", "pk": 3, "fields": {"user": 11, "Commendation_Coverage": "Abuja", "Commendation_Title": "asdasdasdasdasd", "Commendation_Category": "Governance", "Commendation_Category_Other": "", "Action_Person": "President", "Action_Person_Other": "", "Expalnation": "<p style=\"text-align:justify\">asndas dajsdnkajs dkjasndkjsa dkjasdnas dkjasndkjasd kjasdnkjasdn as</p>", "Image": "QR-code_hAnUeez.png", "approve": false, "timestamp": "2020-05-06T16:37:14.152Z"}}, {"model": "mysite.commendation", "pk": 4, "fields": {"user": 11, "Commendation_Coverage": "Abuja", "Commendation_Title": "sdfsdfsdf", "Commendation_Category": "Corruption", "Commendation_Category_Other": "", "Action_Person": "Senate", "Action_Person_Other": "", "Expalnation": "<p style=\"text-align:justify\">asdkjasd aksjd askdj akjsd aksjdnaksjd akjsd aks daskjdaskjd askjdnaskjd askd kasjdnkasjd</p>", "Image": "QR-code_G5XflAE.png", "approve": false, "timestamp": "2020-05-06T16:38:04.462Z"}}, {"model": "mysite.commendationresponsefeedback", "pk": 1, "fields": {"user": 1, "commendation": 1, "Coverage_Admin": "Abuja", "Feedback": "sociis natoque penatibus et magnis dis parturient montes, nascetur ridiculus mus. Donec quam felis, ultricies nec, pellentesque eu, pretium quis, sem. Nulla consequat massa ", "response": "True", "timestamp": "2020-04-21T21:27:43.496Z"}}, {"model": "blogs.blog", "pk": 1, "fields": {"author": 1, "title": "asdasdasdasdsaas asdasdasd", "slug": "asdasdasdasdsaas-asdasdasd", "image": "QR-code_HsHbUr1.png", "video": "https://www.youtube.com/watch?v=5rOZ6XKA1Qo", "description": "<p>ntes<em><strong>que</strong></em> eu, pretium<s> quis, sem. Nulla consequat massa quis enim. Donec pede justo, fringilla vel, aliquet nec, vulputate eget, arcu. In enim justo, rhoncus ut, imperdiet a, venenatis vitae, justo. </s>Nullam dictum felis eu pede mollis pretium. Integer tincidunt. Cras dapibus. Vi<strong>vamus elementum semper nisi</strong>. Aenean vulputate eleifend tellus. Aenean leo ligula, porttitor eu, consequat vitae, eleifend ac, enim. Aliquam lorem ante, dapibus in, viverra quis, feugiat a, tellus. Phasellus viverra nulla ut metus varius laoreet. Quisqu<strong>e rutrumntesque eu, pretium quis, sem. Nulla consequat massa quis enim. Donec pede justo, fringilla vel, aliquet nec, vulputate eget, arcu. In enim justo, rhoncus</strong> ut, imperdiet a, venenatis vitae, justo. Nullam dictum felis eu pede mollis pretium. Integer tincidunt. Cras dapibus. Vivamus elementum semper nisi. Aenean vulputate eleifend tellus. Aenean leo ligula, porttitor eu, consequat vitae, eleifend ac, enim. Aliquam lorem ante, dapibus in, viverra quis, feugiat a, tellus. Phasellus viverra nulla ut metus varius laoreet. Quisque rutrum. Aenean imperdiet. Etiam ultricies nisi vel augue. Curabitur ullamcorper ultricies nisi. Nam eget dui. Etiam rhoncus. Maecenas tempus, tellus eget condimentum rhoncus, sem quam semper libero, sit amet adipiscing sem neque sed ipsum. Nam quam nunc, blandit vel, luctus pulvinar, hendrerit id, lorem. Maecenas nec odio et ante tincidunt tempus. Donec vitae sapien ut libero venenatis faucibus. Nullam quis ante. Etiam sit amet orci eget eros faucibus ts nisi vel augue. Curabitur ullamcorper ultricies nisi. Nam eget dui. Etiam rhoncus. Maecenas tempus, tellus eget condimentum rhoncus, sem quam semper libero, sit amet adipiscing sem neque sed ipsum. Nam quam nunc, blandit vel, luctus pulvinar, hendrerit id, lorem. Maecenas nec odio et ante tincidunt tempus. Donec vitae sapien ut libero venenatis faucibus. Nullam quis ante. Etiam sit amet orci eget eros faucibus t</p>", "created_at": "2020-04-21T22:29:28.485Z", "updated": "2020-04-21T22:40:58.747Z", "publish": true}}, {"model": "blogs.blog", "pk": 2, "fields": {"author": 1, "title": "asdasd", "slug": "aasdasdasdsdasd", "image": "", "video": "", "description": "<p>adasdas adssadasdsad sdsad asdas</p>", "created_at": "2020-04-21T22:44:55.102Z", "updated": "2020-05-06T12:51:36.104Z", "publish": false}}, {"model": "blogs.blog", "pk": 3, "fields": {"author": 1, "title": "ssdfdsfsdfsdfs", "slug": "ssdfdsfsdfsdfs", "image": "", "video": "", "description": "<p>asjna sdkj askdjnasd askjdnaksjd askjdnaskjd askjdnaskjdnwkjqe kdsnkjnfkjdsf kjsdfnkje wkjf dkjfnsdkfjnejf ksjdfnsdkjf kjenwrkjds kjsdfnkjsdfnwwkjnfsdkjf sdkfjnsdkfjnskdjfsd fkjnkwenkjsd jksdfnkjsdnfkjsdfnkjwee fkjsdnkjsdf sjkdfnksdjfnsjekfkj sdjf ksjdfnksjdf sdkjfnoweoifsdkjfksdjfnsdjfnkj dfkjsdnfkjsdnf kjsdfnksdjf</p>", "created_at": "2020-05-05T20:53:00.272Z", "updated": "2020-05-06T18:02:00.778Z", "publish": false}}, {"model": "blogs.blog", "pk": 4, "fields": {"author": 3, "title": "sdfsdfsdfsdfsdfsdfsdfsd", "slug": "sdfsdfsdfsdfsdfsdfsdfsd", "image": "", "video": "", "description": "", "created_at": "2020-05-05T21:04:18.365Z", "updated": "2020-05-06T18:03:25.658Z", "publish": false}}, {"model": "blogs.blog", "pk": 5, "fields": {"author": 6, "title": "please complate thaat blog", "slug": "please-complate-thaat-blog", "image": "", "video": "", "description": "<p>adasdas adasdasd</p>", "created_at": "2020-05-06T18:25:32.515Z", "updated": "2020-05-06T18:25:32.667Z", "publish": null}}, {"model": "blogs.blog", "pk": 6, "fields": {"author": 6, "title": "gchgchgvhgvhg ghvhg hg hgvhg", "slug": "gchgchgvhgvhg-ghvhg-hg-hgvhg", "image": "", "video": "", "description": "<p>jgvjgv jgvjh jhvjh</p>", "created_at": "2020-05-06T18:28:44.117Z", "updated": "2020-05-06T18:28:44.303Z", "publish": null}}, {"model": "blogs.blog", "pk": 7, "fields": {"author": 4, "title": "asdasdasdas", "slug": "asdasdasdas", "image": "", "video": "", "description": "", "created_at": "2020-05-06T18:38:31.576Z", "updated": "2020-05-06T18:38:31.745Z", "publish": null}}, {"model": "blogs.blog", "pk": 8, "fields": {"author": 4, "title": "asdasdasdasdas", "slug": "asdasdasdasdas", "image": "", "video": "", "description": "", "created_at": "2020-05-06T18:42:24.275Z", "updated": "2020-05-06T18:42:24.525Z", "publish": null}}, {"model": "blogs.blog", "pk": 9, "fields": {"author": 6, "title": "qweqeqweqwe", "slug": "qweqeqweqwe", "image": "", "video": "", "description": "", "created_at": "2020-05-06T19:14:20.584Z", "updated": "2020-05-06T19:14:20.734Z", "publish": null}}, {"model": "blogs.blog", "pk": 10, "fields": {"author": 4, "title": "asdasdasd", "slug": "asdasdasd", "image": "", "video": "", "description": "", "created_at": "2020-05-06T19:16:53.441Z", "updated": "2020-05-06T19:16:54.438Z", "publish": null}}, {"model": "blogs.blog", "pk": 11, "fields": {"author": 7, "title": "adasdasdasd", "slug": "adasdasdasd", "image": "", "video": "", "description": "", "created_at": "2020-05-06T19:18:02.524Z", "updated": "2020-05-06T19:18:02.711Z", "publish": null}}, {"model": "blogs.blog", "pk": 12, "fields": {"author": 4, "title": "asdasdasdasd", "slug": "asdasdasdasd", "image": "", "video": "", "description": "", "created_at": "2020-05-06T19:19:00.484Z", "updated": "2020-05-06T19:22:12.602Z", "publish": false}}, {"model": "blogs.blog", "pk": 13, "fields": {"author": 11, "title": "asjndkajs daksjdaskj dkajsdnasd", "slug": "asjndkajs-daksjdaskj-dkajsdnasd", "image": "", "video": "", "description": "", "created_at": "2020-05-06T19:24:25.938Z", "updated": "2020-05-06T19:24:26.115Z", "publish": null}}, {"model": "admin.logentry", "pk": 1, "fields": {"action_time": "2020-04-21T19:18:09.074Z", "user": 1, "content_type": 7, "object_id": "1", "object_repr": "Testing", "action_flag": 1, "change_message": "[{\"added\": {}}]"}}, {"model": "admin.logentry", "pk": 2, "fields": {"action_time": "2020-04-21T19:18:57.354Z", "user": 1, "content_type": 8, "object_id": "1", "object_repr": "sulemanmughal-Abuja", "action_flag": 1, "change_message": "[{\"added\": {}}]"}}, {"model": "admin.logentry", "pk": 3, "fields": {"action_time": "2020-04-21T21:27:13.153Z", "user": 1, "content_type": 10, "object_id": "1", "object_repr": "askdmalksdmalksmdlka", "action_flag": 1, "change_message": "[{\"added\": {}}]"}}, {"model": "admin.logentry", "pk": 4, "fields": {"action_time": "2020-04-21T21:41:24.503Z", "user": 1, "content_type": 10, "object_id": "1", "object_repr": "askdmalksdmalksmdlka", "action_flag": 2, "change_message": "[{\"changed\": {\"fields\": [\"approve\"]}}]"}}, {"model": "admin.logentry", "pk": 5, "fields": {"action_time": "2020-04-21T22:29:28.489Z", "user": 1, "content_type": 13, "object_id": "1", "object_repr": "asdasdasdasdsaas asdasdasd", "action_flag": 1, "change_message": "[{\"added\": {}}]"}}, {"model": "admin.logentry", "pk": 6, "fields": {"action_time": "2020-04-21T22:40:58.747Z", "user": 1, "content_type": 13, "object_id": "1", "object_repr": "asdasdasdasdsaas asdasdasd", "action_flag": 2, "change_message": "[]"}}, {"model": "admin.logentry", "pk": 7, "fields": {"action_time": "2020-04-21T22:44:55.102Z", "user": 1, "content_type": 13, "object_id": "2", "object_repr": "asdasd", "action_flag": 1, "change_message": "[{\"added\": {}}]"}}, {"model": "admin.logentry", "pk": 8, "fields": {"action_time": "2020-04-25T15:27:26.929Z", "user": 1, "content_type": 8, "object_id": "2", "object_repr": "shahid-Abuja", "action_flag": 2, "change_message": "[{\"changed\": {\"fields\": [\"Coverage_Admin\"]}}]"}}, {"model": "admin.logentry", "pk": 9, "fields": {"action_time": "2020-04-25T15:51:16.736Z", "user": 1, "content_type": 7, "object_id": "2", "object_repr": "Google", "action_flag": 1, "change_message": "[{\"added\": {}}]"}}, {"model": "admin.logentry", "pk": 10, "fields": {"action_time": "2020-04-25T17:49:35.532Z", "user": 1, "content_type": 8, "object_id": "1", "object_repr": "sulemanmughal-Abuja", "action_flag": 2, "change_message": "[]"}}, {"model": "admin.logentry", "pk": 11, "fields": {"action_time": "2020-04-26T12:20:55.437Z", "user": 1, "content_type": 8, "object_id": "3", "object_repr": "asdasdasdasd-Abuja", "action_flag": 1, "change_message": "[{\"added\": {}}]"}}, {"model": "admin.logentry", "pk": 12, "fields": {"action_time": "2020-04-26T12:21:09.377Z", "user": 1, "content_type": 8, "object_id": "3", "object_repr": "asdasdasdasd-Abuja", "action_flag": 2, "change_message": "[{\"changed\": {\"fields\": [\"golbal_Admin\"]}}]"}}, {"model": "admin.logentry", "pk": 13, "fields": {"action_time": "2020-05-01T21:15:04.476Z", "user": 1, "content_type": 8, "object_id": "1", "object_repr": "sulemanmughal-Abuja", "action_flag": 2, "change_message": "[{\"changed\": {\"fields\": [\"golbal_Admin\"]}}]"}}, {"model": "admin.logentry", "pk": 14, "fields": {"action_time": "2020-05-01T21:16:32.444Z", "user": 1, "content_type": 7, "object_id": "44", "object_repr": "asdasdasdasd", "action_flag": 1, "change_message": "[{\"added\": {}}]"}}, {"model": "admin.logentry", "pk": 15, "fields": {"action_time": "2020-05-01T21:19:08.703Z", "user": 1, "content_type": 8, "object_id": "1", "object_repr": "sulemanmughal-Abuja", "action_flag": 2, "change_message": "[{\"changed\": {\"fields\": [\"golbal_Admin\"]}}]"}}, {"model": "admin.logentry", "pk": 16, "fields": {"action_time": "2020-05-01T21:20:51.691Z", "user": 1, "content_type": 8, "object_id": "1", "object_repr": "sulemanmughal-None", "action_flag": 2, "change_message": "[{\"changed\": {\"fields\": [\"Coverage_Admin\"]}}]"}}, {"model": "admin.logentry", "pk": 17, "fields": {"action_time": "2020-05-01T21:21:30.719Z", "user": 1, "content_type": 4, "object_id": "1", "object_repr": "sulemanmughal", "action_flag": 2, "change_message": "[{\"changed\": {\"fields\": [\"is_staff\", \"is_superuser\"]}}]"}}, {"model": "admin.logentry", "pk": 18, "fields": {"action_time": "2020-05-01T21:25:44.836Z", "user": 11, "content_type": 8, "object_id": "1", "object_repr": "sulemanmughal-Abuja", "action_flag": 2, "change_message": "[{\"changed\": {\"fields\": [\"Coverage_Admin\"]}}]"}}, {"model": "admin.logentry", "pk": 19, "fields": {"action_time": "2020-05-01T21:26:22.595Z", "user": 11, "content_type": 4, "object_id": "1", "object_repr": "sulemanmughal", "action_flag": 2, "change_message": "[{\"changed\": {\"fields\": [\"is_staff\", \"is_superuser\"]}}]"}}, {"model": "admin.logentry", "pk": 20, "fields": {"action_time": "2020-05-02T18:16:22.442Z", "user": 1, "content_type": 8, "object_id": "1", "object_repr": "sulemanmughal-Abuja", "action_flag": 2, "change_message": "[{\"changed\": {\"fields\": [\"golbal_Admin\"]}}]"}}, {"model": "admin.logentry", "pk": 21, "fields": {"action_time": "2020-05-02T18:27:37.651Z", "user": 1, "content_type": 7, "object_id": "44", "object_repr": "asdasdasdasd", "action_flag": 3, "change_message": ""}}, {"model": "admin.logentry", "pk": 22, "fields": {"action_time": "2020-05-02T18:27:37.838Z", "user": 1, "content_type": 7, "object_id": "43", "object_repr": "asdasdas", "action_flag": 3, "change_message": ""}}, {"model": "admin.logentry", "pk": 23, "fields": {"action_time": "2020-05-02T18:27:37.963Z", "user": 1, "content_type": 7, "object_id": "42", "object_repr": "Climate Change", "action_flag": 3, "change_message": ""}}, {"model": "admin.logentry", "pk": 24, "fields": {"action_time": "2020-05-02T18:27:38.088Z", "user": 1, "content_type": 7, "object_id": "41", "object_repr": "asdasda", "action_flag": 3, "change_message": ""}}, {"model": "admin.logentry", "pk": 25, "fields": {"action_time": "2020-05-02T18:27:38.229Z", "user": 1, "content_type": 7, "object_id": "40", "object_repr": "adsadasd", "action_flag": 3, "change_message": ""}}, {"model": "admin.logentry", "pk": 26, "fields": {"action_time": "2020-05-02T18:27:38.385Z", "user": 1, "content_type": 7, "object_id": "39", "object_repr": "dfsdfsdf", "action_flag": 3, "change_message": ""}}, {"model": "admin.logentry", "pk": 27, "fields": {"action_time": "2020-05-02T18:27:38.494Z", "user": 1, "content_type": 7, "object_id": "38", "object_repr": "asdasdasd", "action_flag": 3, "change_message": ""}}, {"model": "admin.logentry", "pk": 28, "fields": {"action_time": "2020-05-02T18:27:38.760Z", "user": 1, "content_type": 7, "object_id": "37", "object_repr": "dsfsdf", "action_flag": 3, "change_message": ""}}, {"model": "admin.logentry", "pk": 29, "fields": {"action_time": "2020-05-02T18:27:38.994Z", "user": 1, "content_type": 7, "object_id": "36", "object_repr": "fsdfsdf", "action_flag": 3, "change_message": ""}}, {"model": "admin.logentry", "pk": 30, "fields": {"action_time": "2020-05-02T18:27:39.142Z", "user": 1, "content_type": 7, "object_id": "35", "object_repr": "asdasd", "action_flag": 3, "change_message": ""}}, {"model": "admin.logentry", "pk": 31, "fields": {"action_time": "2020-05-02T18:27:39.339Z", "user": 1, "content_type": 7, "object_id": "34", "object_repr": "asdasd", "action_flag": 3, "change_message": ""}}, {"model": "admin.logentry", "pk": 32, "fields": {"action_time": "2020-05-02T18:27:39.508Z", "user": 1, "content_type": 7, "object_id": "33", "object_repr": "asdasd", "action_flag": 3, "change_message": ""}}, {"model": "admin.logentry", "pk": 33, "fields": {"action_time": "2020-05-02T18:27:39.792Z", "user": 1, "content_type": 7, "object_id": "32", "object_repr": "sdfsd", "action_flag": 3, "change_message": ""}}, {"model": "admin.logentry", "pk": 34, "fields": {"action_time": "2020-05-02T18:27:39.917Z", "user": 1, "content_type": 7, "object_id": "31", "object_repr": "sdfsdfsdfsdf", "action_flag": 3, "change_message": ""}}, {"model": "admin.logentry", "pk": 35, "fields": {"action_time": "2020-05-02T18:27:40.042Z", "user": 1, "content_type": 7, "object_id": "30", "object_repr": "sadasdasd", "action_flag": 3, "change_message": ""}}, {"model": "admin.logentry", "pk": 36, "fields": {"action_time": "2020-05-02T18:27:40.167Z", "user": 1, "content_type": 7, "object_id": "29", "object_repr": "nkajdn", "action_flag": 3, "change_message": ""}}, {"model": "admin.logentry", "pk": 37, "fields": {"action_time": "2020-05-02T18:27:40.308Z", "user": 1, "content_type": 7, "object_id": "28", "object_repr": "testnig phse 2", "action_flag": 3, "change_message": ""}}, {"model": "admin.logentry", "pk": 38, "fields": {"action_time": "2020-05-02T18:27:40.589Z", "user": 1, "content_type": 7, "object_id": "27", "object_repr": "testing phase 1", "action_flag": 3, "change_message": ""}}, {"model": "admin.logentry", "pk": 39, "fields": {"action_time": "2020-05-02T18:27:40.870Z", "user": 1, "content_type": 7, "object_id": "26", "object_repr": "asdasdasd", "action_flag": 3, "change_message": ""}}, {"model": "admin.logentry", "pk": 40, "fields": {"action_time": "2020-05-02T18:27:41.027Z", "user": 1, "content_type": 7, "object_id": "25", "object_repr": "asdasd", "action_flag": 3, "change_message": ""}}, {"model": "admin.logentry", "pk": 41, "fields": {"action_time": "2020-05-02T18:27:41.183Z", "user": 1, "content_type": 7, "object_id": "24", "object_repr": "asdasda", "action_flag": 3, "change_message": ""}}, {"model": "admin.logentry", "pk": 42, "fields": {"action_time": "2020-05-02T18:27:41.324Z", "user": 1, "content_type": 7, "object_id": "23", "object_repr": "fsdfs", "action_flag": 3, "change_message": ""}}, {"model": "admin.logentry", "pk": 43, "fields": {"action_time": "2020-05-02T18:27:41.449Z", "user": 1, "content_type": 7, "object_id": "22", "object_repr": "asdasdasd", "action_flag": 3, "change_message": ""}}, {"model": "admin.logentry", "pk": 44, "fields": {"action_time": "2020-05-02T18:27:41.574Z", "user": 1, "content_type": 7, "object_id": "21", "object_repr": "asdadasd", "action_flag": 3, "change_message": ""}}, {"model": "admin.logentry", "pk": 45, "fields": {"action_time": "2020-05-02T18:27:41.917Z", "user": 1, "content_type": 7, "object_id": "20", "object_repr": "ssdfsdfsd", "action_flag": 3, "change_message": ""}}, {"model": "admin.logentry", "pk": 46, "fields": {"action_time": "2020-05-02T18:27:42.058Z", "user": 1, "content_type": 7, "object_id": "19", "object_repr": "asdasd", "action_flag": 3, "change_message": ""}}, {"model": "admin.logentry", "pk": 47, "fields": {"action_time": "2020-05-02T18:27:42.183Z", "user": 1, "content_type": 7, "object_id": "18", "object_repr": "sdfds", "action_flag": 3, "change_message": ""}}, {"model": "admin.logentry", "pk": 48, "fields": {"action_time": "2020-05-02T18:27:42.308Z", "user": 1, "content_type": 7, "object_id": "17", "object_repr": "ttyytutyutyutyutyutyutyutyu", "action_flag": 3, "change_message": ""}}, {"model": "admin.logentry", "pk": 49, "fields": {"action_time": "2020-05-02T18:27:42.417Z", "user": 1, "content_type": 7, "object_id": "16", "object_repr": "dsf", "action_flag": 3, "change_message": ""}}, {"model": "admin.logentry", "pk": 50, "fields": {"action_time": "2020-05-02T18:27:42.558Z", "user": 1, "content_type": 7, "object_id": "15", "object_repr": "sfsdf", "action_flag": 3, "change_message": ""}}, {"model": "admin.logentry", "pk": 51, "fields": {"action_time": "2020-05-02T18:27:42.683Z", "user": 1, "content_type": 7, "object_id": "14", "object_repr": "dfgdfgdf", "action_flag": 3, "change_message": ""}}, {"model": "admin.logentry", "pk": 52, "fields": {"action_time": "2020-05-02T18:27:42.839Z", "user": 1, "content_type": 7, "object_id": "13", "object_repr": "sfsdf", "action_flag": 3, "change_message": ""}}, {"model": "admin.logentry", "pk": 53, "fields": {"action_time": "2020-05-02T18:27:43.105Z", "user": 1, "content_type": 7, "object_id": "12", "object_repr": "asdasd", "action_flag": 3, "change_message": ""}}, {"model": "admin.logentry", "pk": 54, "fields": {"action_time": "2020-05-02T18:27:43.277Z", "user": 1, "content_type": 7, "object_id": "11", "object_repr": "asdasd", "action_flag": 3, "change_message": ""}}, {"model": "admin.logentry", "pk": 55, "fields": {"action_time": "2020-05-02T18:27:43.464Z", "user": 1, "content_type": 7, "object_id": "10", "object_repr": "asdasd", "action_flag": 3, "change_message": ""}}, {"model": "admin.logentry", "pk": 56, "fields": {"action_time": "2020-05-02T18:27:43.589Z", "user": 1, "content_type": 7, "object_id": "9", "object_repr": "adasdasd", "action_flag": 3, "change_message": ""}}, {"model": "admin.logentry", "pk": 57, "fields": {"action_time": "2020-05-02T18:27:43.714Z", "user": 1, "content_type": 7, "object_id": "8", "object_repr": "apple", "action_flag": 3, "change_message": ""}}, {"model": "admin.logentry", "pk": 58, "fields": {"action_time": "2020-05-02T18:27:43.839Z", "user": 1, "content_type": 7, "object_id": "7", "object_repr": "adasdasd", "action_flag": 3, "change_message": ""}}, {"model": "admin.logentry", "pk": 59, "fields": {"action_time": "2020-05-02T18:27:44.074Z", "user": 1, "content_type": 7, "object_id": "6", "object_repr": "dfsdfsd", "action_flag": 3, "change_message": ""}}, {"model": "admin.logentry", "pk": 60, "fields": {"action_time": "2020-05-02T18:27:44.199Z", "user": 1, "content_type": 7, "object_id": "5", "object_repr": "asdasd", "action_flag": 3, "change_message": ""}}, {"model": "admin.logentry", "pk": 61, "fields": {"action_time": "2020-05-02T18:27:44.324Z", "user": 1, "content_type": 7, "object_id": "4", "object_repr": "adasdasdasdasd", "action_flag": 3, "change_message": ""}}, {"model": "admin.logentry", "pk": 62, "fields": {"action_time": "2020-05-02T18:27:44.542Z", "user": 1, "content_type": 7, "object_id": "3", "object_repr": "Google", "action_flag": 3, "change_message": ""}}, {"model": "admin.logentry", "pk": 63, "fields": {"action_time": "2020-05-02T18:27:44.683Z", "user": 1, "content_type": 7, "object_id": "2", "object_repr": "Google", "action_flag": 3, "change_message": ""}}, {"model": "admin.logentry", "pk": 64, "fields": {"action_time": "2020-05-02T18:27:44.824Z", "user": 1, "content_type": 7, "object_id": "1", "object_repr": "Testing", "action_flag": 3, "change_message": ""}}, {"model": "admin.logentry", "pk": 65, "fields": {"action_time": "2020-05-02T18:29:00.030Z", "user": 1, "content_type": 7, "object_id": "45", "object_repr": "Google", "action_flag": 1, "change_message": "[{\"added\": {}}]"}}, {"model": "admin.logentry", "pk": 66, "fields": {"action_time": "2020-05-02T18:38:57.332Z", "user": 1, "content_type": 4, "object_id": "11", "object_repr": "sas", "action_flag": 2, "change_message": "[{\"changed\": {\"fields\": [\"is_staff\", \"is_superuser\"]}}]"}}, {"model": "admin.logentry", "pk": 67, "fields": {"action_time": "2020-05-02T18:39:15.177Z", "user": 1, "content_type": 8, "object_id": "9", "object_repr": "sas-Abuja", "action_flag": 1, "change_message": "[{\"added\": {}}]"}}, {"model": "admin.logentry", "pk": 68, "fields": {"action_time": "2020-05-03T08:47:44.647Z", "user": 1, "content_type": 7, "object_id": "45", "object_repr": "Google", "action_flag": 2, "change_message": "[]"}}, {"model": "admin.logentry", "pk": 69, "fields": {"action_time": "2020-05-03T09:08:41.177Z", "user": 1, "content_type": 7, "object_id": "45", "object_repr": "Google", "action_flag": 2, "change_message": "[{\"changed\": {\"fields\": [\"Action_Person\"]}}]"}}, {"model": "admin.logentry", "pk": 70, "fields": {"action_time": "2020-05-03T09:10:35.407Z", "user": 1, "content_type": 7, "object_id": "46", "object_repr": "saasdasdasd", "action_flag": 1, "change_message": "[{\"added\": {}}]"}}, {"model": "admin.logentry", "pk": 71, "fields": {"action_time": "2020-05-03T09:10:46.173Z", "user": 1, "content_type": 7, "object_id": "46", "object_repr": "saasdasdasd", "action_flag": 2, "change_message": "[{\"changed\": {\"fields\": [\"Petition_Coverage\"]}}]"}}, {"model": "admin.logentry", "pk": 72, "fields": {"action_time": "2020-05-03T09:11:10.049Z", "user": 1, "content_type": 7, "object_id": "46", "object_repr": "saasdasdasd", "action_flag": 2, "change_message": "[{\"changed\": {\"fields\": [\"Petition_Coverage\"]}}]"}}, {"model": "admin.logentry", "pk": 73, "fields": {"action_time": "2020-05-03T11:03:30.593Z", "user": 1, "content_type": 7, "object_id": "45", "object_repr": "Google", "action_flag": 3, "change_message": ""}}, {"model": "admin.logentry", "pk": 74, "fields": {"action_time": "2020-05-03T11:03:49.109Z", "user": 1, "content_type": 7, "object_id": "46", "object_repr": "saasdasdasd", "action_flag": 2, "change_message": "[{\"changed\": {\"fields\": [\"Petition_Coverage\"]}}]"}}, {"model": "admin.logentry", "pk": 75, "fields": {"action_time": "2020-05-03T11:11:24.569Z", "user": 1, "content_type": 7, "object_id": "47", "object_repr": "google", "action_flag": 1, "change_message": "[{\"added\": {}}]"}}, {"model": "admin.logentry", "pk": 76, "fields": {"action_time": "2020-05-03T11:40:34.773Z", "user": 1, "content_type": 7, "object_id": "48", "object_repr": "sdadasdasdasdas", "action_flag": 1, "change_message": "[{\"added\": {}}]"}}, {"model": "admin.logentry", "pk": 77, "fields": {"action_time": "2020-05-03T12:02:09.534Z", "user": 1, "content_type": 7, "object_id": "48", "object_repr": "sdadasdasdasdas", "action_flag": 2, "change_message": "[{\"changed\": {\"fields\": [\"approve\"]}}]"}}, {"model": "admin.logentry", "pk": 78, "fields": {"action_time": "2020-05-03T12:18:50.957Z", "user": 1, "content_type": 9, "object_id": "8", "object_repr": "dsknfsdkfn-saasdasdasd-response", "action_flag": 1, "change_message": "[{\"added\": {}}]"}}, {"model": "admin.logentry", "pk": 79, "fields": {"action_time": "2020-05-03T12:19:31.369Z", "user": 1, "content_type": 9, "object_id": "9", "object_repr": "klsdmflkds-sdadasdasdasdas-response", "action_flag": 1, "change_message": "[{\"added\": {}}]"}}, {"model": "admin.logentry", "pk": 80, "fields": {"action_time": "2020-05-03T12:42:44.639Z", "user": 1, "content_type": 9, "object_id": "10", "object_repr": "zain-sdadasdasdasdas-response", "action_flag": 1, "change_message": "[{\"added\": {}}]"}}, {"model": "admin.logentry", "pk": 81, "fields": {"action_time": "2020-05-03T14:26:08.225Z", "user": 1, "content_type": 8, "object_id": "1", "object_repr": "sulemanmughal-Abuja", "action_flag": 2, "change_message": "[{\"changed\": {\"fields\": [\"golbal_Admin\"]}}]"}}, {"model": "admin.logentry", "pk": 82, "fields": {"action_time": "2020-05-03T18:28:30.637Z", "user": 1, "content_type": 8, "object_id": "1", "object_repr": "sulemanmughal-Abuja", "action_flag": 2, "change_message": "[{\"changed\": {\"fields\": [\"golbal_Admin\"]}}]"}}, {"model": "admin.logentry", "pk": 83, "fields": {"action_time": "2020-05-03T18:41:10.581Z", "user": 1, "content_type": 10, "object_id": "1", "object_repr": "askdmalksdmalksmdlka", "action_flag": 2, "change_message": "[{\"changed\": {\"fields\": [\"Commendation_Coverage\"]}}]"}}, {"model": "admin.logentry", "pk": 84, "fields": {"action_time": "2020-05-03T18:48:22.869Z", "user": 1, "content_type": 10, "object_id": "1", "object_repr": "askdmalksdmalksmdlka", "action_flag": 2, "change_message": "[{\"changed\": {\"fields\": [\"Commendation_Coverage\"]}}]"}}, {"model": "admin.logentry", "pk": 85, "fields": {"action_time": "2020-05-03T18:48:27.543Z", "user": 1, "content_type": 10, "object_id": "1", "object_repr": "askdmalksdmalksmdlka", "action_flag": 2, "change_message": "[{\"changed\": {\"fields\": [\"approve\"]}}]"}}, {"model": "admin.logentry", "pk": 86, "fields": {"action_time": "2020-05-04T17:15:30.196Z", "user": 1, "content_type": 10, "object_id": "1", "object_repr": "askdmalksdmalksmdlka", "action_flag": 2, "change_message": "[{\"changed\": {\"fields\": [\"user\"]}}]"}}, {"model": "admin.logentry", "pk": 87, "fields": {"action_time": "2020-05-04T17:15:44.854Z", "user": 1, "content_type": 10, "object_id": "1", "object_repr": "askdmalksdmalksmdlka", "action_flag": 2, "change_message": "[{\"changed\": {\"fields\": [\"user\"]}}]"}}, {"model": "admin.logentry", "pk": 88, "fields": {"action_time": "2020-05-04T17:54:12.886Z", "user": 1, "content_type": 7, "object_id": "48", "object_repr": "sdadasdasdasdas", "action_flag": 2, "change_message": "[{\"changed\": {\"fields\": [\"Petition_Coverage\"]}}]"}}, {"model": "admin.logentry", "pk": 89, "fields": {"action_time": "2020-05-04T17:58:12.007Z", "user": 1, "content_type": 8, "object_id": "1", "object_repr": "sulemanmughal-Abuja", "action_flag": 2, "change_message": "[{\"changed\": {\"fields\": [\"golbal_Admin\"]}}]"}}, {"model": "admin.logentry", "pk": 90, "fields": {"action_time": "2020-05-04T17:59:33.076Z", "user": 1, "content_type": 7, "object_id": "47", "object_repr": "google", "action_flag": 2, "change_message": "[{\"changed\": {\"fields\": [\"approve\"]}}]"}}, {"model": "admin.logentry", "pk": 91, "fields": {"action_time": "2020-05-04T19:23:35.765Z", "user": 1, "content_type": 8, "object_id": "1", "object_repr": "sulemanmughal-Abuja", "action_flag": 2, "change_message": "[{\"changed\": {\"fields\": [\"golbal_Admin\"]}}]"}}, {"model": "admin.logentry", "pk": 92, "fields": {"action_time": "2020-05-04T19:27:20.173Z", "user": 1, "content_type": 8, "object_id": "1", "object_repr": "sulemanmughal-Abuja", "action_flag": 2, "change_message": "[{\"changed\": {\"fields\": [\"golbal_Admin\"]}}]"}}, {"model": "admin.logentry", "pk": 93, "fields": {"action_time": "2020-05-04T20:38:26.089Z", "user": 1, "content_type": 17, "object_id": "1", "object_repr": "what is a blog", "action_flag": 1, "change_message": "[{\"added\": {}}]"}}, {"model": "admin.logentry", "pk": 94, "fields": {"action_time": "2020-05-05T20:04:49.567Z", "user": 1, "content_type": 17, "object_id": "1", "object_repr": "what is a blog", "action_flag": 2, "change_message": "[{\"changed\": {\"fields\": [\"category\"]}}]"}}, {"model": "admin.logentry", "pk": 95, "fields": {"action_time": "2020-05-06T10:18:13.405Z", "user": 1, "content_type": 18, "object_id": "1", "object_repr": "WebBanner object (1)", "action_flag": 1, "change_message": "[{\"added\": {}}]"}}, {"model": "admin.logentry", "pk": 96, "fields": {"action_time": "2020-05-06T10:23:59.123Z", "user": 1, "content_type": 18, "object_id": "1", "object_repr": "Banner/20/05/06/QR-code.png", "action_flag": 3, "change_message": ""}}, {"model": "admin.logentry", "pk": 97, "fields": {"action_time": "2020-05-06T10:39:47.617Z", "user": 1, "content_type": 18, "object_id": "1", "object_repr": "Banner/20/05/06/1920x350-2.jpg", "action_flag": 1, "change_message": "[{\"added\": {}}]"}}, {"model": "admin.logentry", "pk": 98, "fields": {"action_time": "2020-05-06T13:30:49.576Z", "user": 1, "content_type": 8, "object_id": "9", "object_repr": "sas-Abuja", "action_flag": 2, "change_message": "[{\"changed\": {\"fields\": [\"golbal_Admin\"]}}]"}}, {"model": "admin.logentry", "pk": 99, "fields": {"action_time": "2020-05-06T15:07:23.172Z", "user": 1, "content_type": 8, "object_id": "1", "object_repr": "sulemanmughal-None", "action_flag": 2, "change_message": "[{\"changed\": {\"fields\": [\"Coverage_Admin\", \"golbal_Admin\"]}}]"}}, {"model": "admin.logentry", "pk": 100, "fields": {"action_time": "2020-05-06T15:08:08.245Z", "user": 1, "content_type": 4, "object_id": "11", "object_repr": "sas", "action_flag": 2, "change_message": "[{\"changed\": {\"fields\": [\"first_name\", \"last_name\"]}}]"}}, {"model": "admin.logentry", "pk": 101, "fields": {"action_time": "2020-05-06T15:08:27.861Z", "user": 1, "content_type": 8, "object_id": "9", "object_repr": "sas-None", "action_flag": 2, "change_message": "[{\"changed\": {\"fields\": [\"Coverage_Admin\", \"golbal_Admin\"]}}]"}}, {"model": "admin.logentry", "pk": 102, "fields": {"action_time": "2020-05-06T16:05:53.370Z", "user": 1, "content_type": 4, "object_id": "11", "object_repr": "sas", "action_flag": 2, "change_message": "[{\"changed\": {\"fields\": [\"is_staff\", \"is_superuser\"]}}]"}}, {"model": "admin.logentry", "pk": 103, "fields": {"action_time": "2020-05-06T16:06:48.697Z", "user": 1, "content_type": 4, "object_id": "11", "object_repr": "sas", "action_flag": 2, "change_message": "[{\"changed\": {\"fields\": [\"is_staff\", \"is_superuser\"]}}]"}}, {"model": "admin.logentry", "pk": 104, "fields": {"action_time": "2020-05-06T16:50:56.420Z", "user": 1, "content_type": 10, "object_id": "1", "object_repr": "askdmalksdmalksmdlka", "action_flag": 2, "change_message": "[{\"changed\": {\"fields\": [\"approve\"]}}]"}}, {"model": "admin.logentry", "pk": 105, "fields": {"action_time": "2020-05-06T17:19:13.222Z", "user": 1, "content_type": 4, "object_id": "11", "object_repr": "sas", "action_flag": 2, "change_message": "[{\"changed\": {\"fields\": [\"is_staff\", \"is_superuser\"]}}]"}}, {"model": "admin.logentry", "pk": 106, "fields": {"action_time": "2020-05-06T17:19:49.025Z", "user": 1, "content_type": 8, "object_id": "9", "object_repr": "sas-Abuja", "action_flag": 2, "change_message": "[{\"changed\": {\"fields\": [\"Coverage_Admin\", \"golbal_Admin\"]}}]"}}, {"model": "admin.logentry", "pk": 107, "fields": {"action_time": "2020-05-06T17:21:31.501Z", "user": 1, "content_type": 8, "object_id": "1", "object_repr": "sulemanmughal-Abuja", "action_flag": 2, "change_message": "[{\"changed\": {\"fields\": [\"Coverage_Admin\", \"golbal_Admin\"]}}]"}}, {"model": "admin.logentry", "pk": 108, "fields": {"action_time": "2020-05-06T18:24:31.826Z", "user": 1, "content_type": 18, "object_id": "1", "object_repr": "Banner/20/05/06/1920x350-2_TV0hSka.jpg", "action_flag": 2, "change_message": "[{\"changed\": {\"fields\": [\"banner\"]}}]"}}, {"model": "admin.logentry", "pk": 109, "fields": {"action_time": "2020-05-06T18:25:00.093Z", "user": 1, "content_type": 17, "object_id": "2", "object_repr": "account details", "action_flag": 1, "change_message": "[{\"added\": {}}]"}}, {"model": "admin.logentry", "pk": 110, "fields": {"action_time": "2020-05-06T21:09:59.489Z", "user": 1, "content_type": 17, "object_id": "1", "object_repr": "what is a blog", "action_flag": 2, "change_message": "[{\"changed\": {\"fields\": [\"category\"]}}]"}}, {"model": "admin.logentry", "pk": 111, "fields": {"action_time": "2020-05-07T23:10:56.054Z", "user": 11, "content_type": 8, "object_id": "9", "object_repr": "sas-Abuja", "action_flag": 2, "change_message": "[{\"changed\": {\"fields\": [\"Coverage_Admin\", \"golbal_Admin\"]}}]"}}, {"model": "admin.logentry", "pk": 112, "fields": {"action_time": "2020-05-11T17:43:33.904Z", "user": 17, "content_type": 19, "object_id": "1", "object_repr": "Slider object (1)", "action_flag": 1, "change_message": "[{\"added\": {}}]"}}, {"model": "admin.logentry", "pk": 113, "fields": {"action_time": "2020-05-11T23:50:15.375Z", "user": 17, "content_type": 19, "object_id": "1", "object_repr": "Slider object (1)", "action_flag": 2, "change_message": "[{\"changed\": {\"fields\": [\"Desc\"]}}]"}}, {"model": "admin.logentry", "pk": 114, "fields": {"action_time": "2020-05-12T00:22:47.359Z", "user": 17, "content_type": 19, "object_id": "1", "object_repr": "Slider object (1)", "action_flag": 2, "change_message": "[{\"changed\": {\"fields\": [\"Desc\"]}}]"}}, {"model": "admin.logentry", "pk": 115, "fields": {"action_time": "2020-05-12T00:40:37.280Z", "user": 17, "content_type": 19, "object_id": "1", "object_repr": "Slider object (1)", "action_flag": 2, "change_message": "[{\"changed\": {\"fields\": [\"Left Button Name\", \"Right Button Name\"]}}]"}}, {"model": "admin.logentry", "pk": 116, "fields": {"action_time": "2020-05-12T07:07:50.265Z", "user": 17, "content_type": 7, "object_id": "49", "object_repr": "sdfsdfsdfsdf", "action_flag": 2, "change_message": "[{\"changed\": {\"fields\": [\"Expalnation\"]}}]"}}, {"model": "admin.logentry", "pk": 117, "fields": {"action_time": "2020-05-12T07:08:01.625Z", "user": 17, "content_type": 7, "object_id": "47", "object_repr": "google", "action_flag": 2, "change_message": "[{\"changed\": {\"fields\": [\"Expalnation\"]}}]"}}, {"model": "admin.logentry", "pk": 118, "fields": {"action_time": "2020-05-12T07:08:26.581Z", "user": 17, "content_type": 7, "object_id": "48", "object_repr": "sdadasdasdasdas", "action_flag": 2, "change_message": "[{\"changed\": {\"fields\": [\"Expalnation\"]}}]"}}, {"model": "admin.logentry", "pk": 119, "fields": {"action_time": "2020-05-12T07:08:39.544Z", "user": 17, "content_type": 7, "object_id": "49", "object_repr": "sdfsdfsdfsdf", "action_flag": 2, "change_message": "[]"}}, {"model": "admin.logentry", "pk": 120, "fields": {"action_time": "2020-05-12T07:08:52.268Z", "user": 17, "content_type": 7, "object_id": "46", "object_repr": "saasdasdasd", "action_flag": 2, "change_message": "[{\"changed\": {\"fields\": [\"Expalnation\"]}}]"}}, {"model": "admin.logentry", "pk": 121, "fields": {"action_time": "2020-05-12T07:09:24.125Z", "user": 17, "content_type": 10, "object_id": "4", "object_repr": "sdfsdfsdf", "action_flag": 2, "change_message": "[{\"changed\": {\"fields\": [\"Expalnation\"]}}]"}}, {"model": "admin.logentry", "pk": 122, "fields": {"action_time": "2020-05-12T07:09:34.173Z", "user": 17, "content_type": 10, "object_id": "3", "object_repr": "asdasdasdasdasd", "action_flag": 2, "change_message": "[{\"changed\": {\"fields\": [\"Expalnation\"]}}]"}}, {"model": "admin.logentry", "pk": 123, "fields": {"action_time": "2020-05-12T07:09:47.759Z", "user": 17, "content_type": 10, "object_id": "2", "object_repr": "sfdsfsdfsdfsdf", "action_flag": 2, "change_message": "[{\"changed\": {\"fields\": [\"Expalnation\"]}}]"}}, {"model": "admin.logentry", "pk": 124, "fields": {"action_time": "2020-05-12T07:10:01.098Z", "user": 17, "content_type": 10, "object_id": "1", "object_repr": "askdmalksdmalksmdlka", "action_flag": 2, "change_message": "[{\"changed\": {\"fields\": [\"Expalnation\"]}}]"}}, {"model": "admin.logentry", "pk": 125, "fields": {"action_time": "2020-05-12T07:26:53.638Z", "user": 17, "content_type": 10, "object_id": "1", "object_repr": "askdmalksdmalksmdlka", "action_flag": 2, "change_message": "[{\"changed\": {\"fields\": [\"Approve\"]}}]"}}, {"model": "admin.logentry", "pk": 126, "fields": {"action_time": "2020-05-12T10:18:13.141Z", "user": 17, "content_type": 7, "object_id": "46", "object_repr": "Nigeria we hail thee", "action_flag": 2, "change_message": "[{\"changed\": {\"fields\": [\"User\", \"Petition Coverage\", \"Petition Title\", \"Petition Category\", \"Action Person\", \"Expalnation\", \"Image\"]}}]"}}, {"model": "admin.logentry", "pk": 127, "fields": {"action_time": "2020-05-12T10:19:10.470Z", "user": 17, "content_type": 7, "object_id": "46", "object_repr": "Nigeria we hail thee", "action_flag": 2, "change_message": "[{\"changed\": {\"fields\": [\"Expalnation\"]}}]"}}, {"model": "admin.logentry", "pk": 128, "fields": {"action_time": "2020-05-12T10:23:45.411Z", "user": 17, "content_type": 7, "object_id": "46", "object_repr": "Nigeria we hail thee", "action_flag": 2, "change_message": "[{\"changed\": {\"fields\": [\"Expalnation\"]}}]"}}, {"model": "admin.logentry", "pk": 129, "fields": {"action_time": "2020-05-12T10:24:09.904Z", "user": 17, "content_type": 7, "object_id": "46", "object_repr": "Nigeria we hail thee", "action_flag": 2, "change_message": "[{\"changed\": {\"fields\": [\"Expalnation\"]}}]"}}, {"model": "admin.logentry", "pk": 130, "fields": {"action_time": "2020-05-12T14:53:56.714Z", "user": 17, "content_type": 7, "object_id": "46", "object_repr": "Nigeria we hail thee", "action_flag": 2, "change_message": "[{\"changed\": {\"fields\": [\"Expalnation\"]}}]"}}, {"model": "admin.logentry", "pk": 131, "fields": {"action_time": "2020-05-12T14:57:23.693Z", "user": 17, "content_type": 7, "object_id": "47", "object_repr": "yes", "action_flag": 2, "change_message": "[{\"changed\": {\"fields\": [\"User\", \"Petition Coverage\", \"Petition Title\", \"Petition Category\", \"Action Person\", \"Expalnation\", \"Image\"]}}]"}}, {"model": "admin.logentry", "pk": 132, "fields": {"action_time": "2020-05-12T15:01:25.059Z", "user": 17, "content_type": 7, "object_id": "48", "object_repr": "This is another rest", "action_flag": 2, "change_message": "[{\"changed\": {\"fields\": [\"User\", \"Petition Coverage\", \"Petition Title\", \"Expalnation\", \"Image\"]}}]"}}, {"model": "admin.logentry", "pk": 133, "fields": {"action_time": "2020-05-26T23:47:18.848Z", "user": 17, "content_type": 20, "object_id": "1", "object_repr": "NAME (DESIGNATION)", "action_flag": 1, "change_message": "[{\"added\": {}}]"}}, {"model": "admin.logentry", "pk": 134, "fields": {"action_time": "2020-05-26T23:56:06.423Z", "user": 17, "content_type": 20, "object_id": "2", "object_repr": "Natalie Naples", "action_flag": 1, "change_message": "[{\"added\": {}}]"}}, {"model": "admin.logentry", "pk": 135, "fields": {"action_time": "2020-05-26T23:56:43.075Z", "user": 17, "content_type": 20, "object_id": "2", "object_repr": "Natalie Naples", "action_flag": 2, "change_message": "[{\"changed\": {\"fields\": [\"Staff Member Profile Image\"]}}]"}}]